Project Name,Package Name,Type Name,Design Smell,Cause of the Smell
jitwatch,org.adoptopenjdk.jitwatch.compilation,AbstractCompilationWalker,Unutilized Abstraction,The tool detected the smell in this class because this class is potentially unused. (Please ignore the smell if the reported class is auto-generated and/or used to serve a specific known purpose.)
jitwatch,org.adoptopenjdk.jitwatch.compilation,AbstractCompilationWalker,Broken Hierarchy,The tool detected a potential instance of the smell because this type does not implement or override any method from it's supertype(s): AbstractCompilationVisitable
jitwatch,org.adoptopenjdk.jitwatch.core,JITWatchConfig,Insufficient Modularization,The tool detected the smell in this class becuase the class has bloated interface (large number of public methods). Total public methods in the class: 64 public methods
jitwatch,org.adoptopenjdk.jitwatch.core,JITWatchConfig.TieredCompilation,Unnecessary Abstraction,The tool detected the smell in this class because the class contains only a few data members without any method implementation, that indicates that the abstraction might not be required. Following fields are declared in this class: 
jitwatch,org.adoptopenjdk.jitwatch.core,JITWatchConfig.TieredCompilation,Unutilized Abstraction,The tool detected the smell in this class because this class is potentially unused. (Please ignore the smell if the reported class is auto-generated and/or used to serve a specific known purpose.)
jitwatch,org.adoptopenjdk.jitwatch.core,JITWatchConfig.CompressedOops,Unnecessary Abstraction,The tool detected the smell in this class because the class contains only a few data members without any method implementation, that indicates that the abstraction might not be required. Following fields are declared in this class: 
jitwatch,org.adoptopenjdk.jitwatch.core,JITWatchConfig.CompressedOops,Unutilized Abstraction,The tool detected the smell in this class because this class is potentially unused. (Please ignore the smell if the reported class is auto-generated and/or used to serve a specific known purpose.)
jitwatch,org.adoptopenjdk.jitwatch.core,JITWatchConfig.BackgroundCompilation,Unnecessary Abstraction,The tool detected the smell in this class because the class contains only a few data members without any method implementation, that indicates that the abstraction might not be required. Following fields are declared in this class: 
jitwatch,org.adoptopenjdk.jitwatch.core,JITWatchConfig.BackgroundCompilation,Unutilized Abstraction,The tool detected the smell in this class because this class is potentially unused. (Please ignore the smell if the reported class is auto-generated and/or used to serve a specific known purpose.)
jitwatch,org.adoptopenjdk.jitwatch.core,JITWatchConfig.OnStackReplacement,Unnecessary Abstraction,The tool detected the smell in this class because the class contains only a few data members without any method implementation, that indicates that the abstraction might not be required. Following fields are declared in this class: 
jitwatch,org.adoptopenjdk.jitwatch.core,JITWatchConfig.OnStackReplacement,Unutilized Abstraction,The tool detected the smell in this class because this class is potentially unused. (Please ignore the smell if the reported class is auto-generated and/or used to serve a specific known purpose.)
jitwatch,org.adoptopenjdk.jitwatch.core,JITWatchConstants,Deficient Encapsulation,The tool detected the smell in this class because the class exposes fields belonging to it with public accessibility. Following fields are declared with public accessiblity: DEBUG_LOGGING; DEBUG_LOGGING_BYTECODE; DEBUG_LOGGING_CLASSPATH; DEBUG_LOGGING_ASSEMBLY; DEBUG_LOGGING_SIG_MATCH; DEBUG_LOGGING_METHOD_ID_MATCH; DEBUG_LOGGING_OVC; DEBUG_LOGGING_PARSE_DICTIONARY; DEBUG_LOGGING_TRIVIEW; DEBUG_LOGGING_TAGPROCESSOR; HEADLESS_SEPARATOR; DEBUG_MEMBER_CREATION; DEFAULT_FREQ_INLINE_SIZE; DEFAULT_MAX_INLINE_SIZE; DEFAULT_COMPILER_THRESHOLD; TAG_XML; TAG_TTY; TAG_TTY_CLOSE; TAG_COMPILATION_LOG; TAG_COMPILATION_LOG_CLOSE; TAG_HOTSPOT_LOG; TAG_HOTSPOT_LOG_CLOSE; S_FRAGMENT; TAG_OPEN_FRAGMENT; TAG_CLOSE_FRAGMENT; TAG_OPEN_CDATA; TAG_CLOSE_CDATA; TAG_OPEN_CLOSE_CDATA; SKIP_HEADER_TAGS; SKIP_BODY_TAGS; NATIVE_CODE_START; NATIVE_CODE_ENTRY_POINT; NATIVE_CODE_METHOD_MARK; LOADED; METHOD; S_PARSE; S_TYPE; S_PARSE_HIR; S_CODE_COLON; S_ASSEMBLY_CONSTANTS; DEFAULT_PACKAGE_NAME; TREE_PACKAGE_ROOT; TAG_VM_VERSION; TAG_RELEASE; TAG_SWEEPER; TAG_CODE_CACHE_FULL; TAG_HOTSPOT_LOG_DONE; TAG_TASK_QUEUED; TAG_NMETHOD; TAG_PRINT_NMETHOD; TAG_TASK; TAG_BC; TAG_CALL; TAG_CODE_CACHE; TAG_TASK_DONE; TAG_START_COMPILE_THREAD; TAG_PARSE; TAG_PHASE; TAG_KLASS; TAG_TYPE; TAG_METHOD; TAG_INTRINSIC; TAG_INLINE_FAIL; TAG_INLINE_SUCCESS; TAG_BRANCH; TAG_WRITER; TAG_VM_ARGUMENTS; TAG_ELIMINATE_ALLOCATION; TAG_ELIMINATE_LOCK; TAG_JVMS; TAG_UNCOMMON_TRAP; TAG_PARSE_DONE; TAG_PHASE_DONE; TAG_HOT_THROW; TAG_CAST_UP; TAG_INLINE_LEVEL_DISCOUNT; TAG_COMMENT; TAG_PREDICTED_CALL; TAG_DIRECT_CALL; TAG_VIRTUAL_CALL; TAG_DEPENDENCY; TAG_OBSERVE; TAG_ASSERT_NULL; TAG_FAILURE; TAG_LATE_INLINE; TAG_COMMAND; OSR; C2N; C1; C2; J9; ZING; FALCON; JVMCI; ATTR_METHOD; ATTR_KLASS; ATTR_THREAD; ATTR_COMPILE_ID; ATTR_COMPILE_KIND; ATTR_STAMP; ATTR_STAMP_COMPLETED; ATTR_NAME; ATTR_BCI; ATTR_OSR_BCI; ATTR_CODE; ATTR_COMPILER; ATTR_LEVEL; ATTR_FREE_CODE_CACHE; ATTR_SIZE; ATTR_NMSIZE; ATTR_BYTES; ATTR_IICOUNT; ATTR_DECOMPILES; ATTR_PARSE; ATTR_TYPE; ATTR_BUILDIR; ATTR_ID; ATTR_HOLDER; ATTR_RETURN; ATTR_REASON; ATTR_ARGUMENTS; ATTR_BRANCH_COUNT; ATTR_BRANCH_TAKEN; ATTR_BRANCH_NOT_TAKEN; ATTR_BRANCH_PROB; ATTR_UNLOADED; ATTR_COUNT; ATTR_PROF_FACTOR; ATTR_ACTION; ATTR_COMMENT; ATTR_ADDRESS; ATTR_ENTRY; ATTR_PREALLOCATED; ATTR_KIND; ATTR_TIME_MS; BRANCH_TAKEN_ALWAYS; BRANCH_TAKEN_NEVER; BRANCH_TAKEN_MIN; BRANCH_TAKEN_MAX; S_ENTITY_APOS; S_ENTITY_LT; S_ENTITY_GT; S_PACKAGE; S_CLASS; S_PROFILE_DEFAULT; S_PROFILE_SANDBOX; S_CLASS_PREFIX_INVOKE; S_CLASS_PREFIX_COM_SUN_PROXY; S_CLASS_PREFIX_STREAM_COLLECTORS; S_CLASS_PREFIX_SUN_REFLECT_GENERATED; SET_AUTOGENERATED_PREFIXES; S_CLASS_AUTOGENERATED_LAMBDA; REGEX_GROUP_ANY; REGEX_ZERO_OR_MORE_SPACES; REGEX_ONE_OR_MORE_SPACES; REGEX_UNICODE_PARAM_NAME; REGEX_UNICODE_PACKAGE_NAME; S_OPEN_PARENTHESES; S_CLOSE_PARENTHESES; S_ESCAPED_OPEN_PARENTHESES; S_ESCAPED_CLOSE_PARENTHESES; S_OPEN_ANGLE; S_CLOSE_ANGLE; S_OPEN_SQUARE_BRACKET; S_CLOSE_SQUARE_BRACKET; S_ARRAY_BRACKET_PAIR; S_ESCAPED_OPEN_SQUARE; S_ESCAPED_CLOSE_SQUARE; S_ESCAPED_DOT; S_OPEN_BRACE; S_CLOSE_BRACE; S_AT; S_PERCENT; S_DOLLAR; S_HASH; S_SPACE; S_NEWLINE; S_NEWLINE_CR; S_TAB; S_DOUBLE_SPACE; S_EMPTY; S_COLON; S_SEMICOLON; S_VARARGS_DOTS; S_APOSTROPHE; S_OBJECT_ARRAY_DEF; S_DOT; S_ASTERISK; S_COMMA; S_HYPEN; S_SLASH; S_DOUBLE_SLASH; S_QUOTE; S_DOUBLE_QUOTE; S_REGEX_WHITESPACE; S_BACKSLASH; S_XML_COMMENT_START; S_XML_COMMENT_END; S_XML_DOC_START; S_XML_DOCTYPE_START; S_BYTECODE_METHOD_COMMENT; S_BYTECODE_INTERFACEMETHOD_COMMENT; S_BYTECODE_INVOKEDYNAMIC_COMMENT; S_DEFAULT; S_FILE_COLON; S_DOT_CLASS; S_GENERICS_WILDCARD; S_OPTIMIZER; S_SAFEPOINT_POLL; S_SAFEPOINT_POLL_RETURN; S_REASON_STALE_TASK; S_TYPE_NAME_SHORT; S_TYPE_NAME_CHARACTER; S_TYPE_NAME_BYTE; S_TYPE_NAME_LONG; S_TYPE_NAME_DOUBLE; S_TYPE_NAME_BOOLEAN; S_TYPE_NAME_INTEGER; S_TYPE_NAME_FLOAT; S_TYPE_NAME_VOID; S_OPTIMIZED_VIRTUAL_CALL; C_SLASH; C_OPEN_ANGLE; C_CLOSE_ANGLE; C_OPEN_PARENTHESES; C_CLOSE_PARENTHESES; C_OPEN_BRACE; C_CLOSE_BRACE; C_SPACE; C_HASH; C_COMMA; C_AT; C_COLON; C_EQUALS; C_QUOTE; C_DOUBLE_QUOTE; C_NEWLINE; C_DOT; C_OBJECT_REF; C_SEMICOLON; C_OPEN_SQUARE_BRACKET; C_CLOSE_SQUARE_BRACKET; C_QUESTION; C_BACKSLASH; C_HAT; C_DOLLAR; S_HEX_PREFIX; S_HEX_POSTFIX; S_BYTECODE_MINOR_VERSION; S_BYTECODE_MAJOR_VERSION; S_BYTECODE_CLASSFILE; S_BYTECODE_SIGNATURE; S_BYTECODE_SOURCE_FILE; S_POLYMORPHIC_SIGNATURE; S_BYTECODE_CONSTANT_POOL; S_BYTECODE_CODE; S_BYTECODE_EXCEPTION_TABLE; S_BYTECODE_RUNTIMEVISIBLEANNOTATIONS; S_BYTECODE_LINENUMBERTABLE; S_BYTECODE_LOCALVARIABLETABLE; S_BYTECODE_STACKMAPTABLE; S_BYTECODE_INNERCLASSES; S_CONSTRUCTOR_INIT; S_STATIC_INIT; S_BYTECODE_STATIC_INITIALISER_SIGNATURE; PUBLIC; PRIVATE; PROTECTED; STATIC; FINAL; SYNCHRONIZED; STRICTFP; NATIVE; ABSTRACT; MODIFIERS; PATTERN_LOG_SIGNATURE; VM_LANGUAGE_JAVA; VM_LANGUAGE_SCALA; VM_LANGUAGE_JRUBY; VM_LANGUAGE_GROOVY; VM_LANGUAGE_KOTLIN; VM_LANGUAGE_JAVASCRIPT; VM_LANGUAGE_CLOJURE
jitwatch,org.adoptopenjdk.jitwatch.demo,MakeHotSpotLog,Insufficient Modularization,The tool detected the smell in this class because the class contains large number of methods. Total methods in the class: 39 methods
jitwatch,org.adoptopenjdk.jitwatch.histo,AttributeNameHistoWalker,Unutilized Abstraction,The tool detected the smell in this class because this class is potentially unused. (Please ignore the smell if the reported class is auto-generated and/or used to serve a specific known purpose.)
jitwatch,org.adoptopenjdk.jitwatch.histo,AttributeNameHistoWalker,Broken Hierarchy,The tool detected a potential instance of the smell because this type does not implement or override any method from it's supertype(s): AbstractHistoVisitable
jitwatch,org.adoptopenjdk.jitwatch.histo,CompileTimeHistoWalker,Unutilized Abstraction,The tool detected the smell in this class because this class is potentially unused. (Please ignore the smell if the reported class is auto-generated and/or used to serve a specific known purpose.)
jitwatch,org.adoptopenjdk.jitwatch.histo,CompileTimeHistoWalker,Broken Hierarchy,The tool detected a potential instance of the smell because this type does not implement or override any method from it's supertype(s): AbstractHistoVisitable
jitwatch,org.adoptopenjdk.jitwatch.histo,InlineSizeHistoVisitable,Unutilized Abstraction,The tool detected the smell in this class because this class is potentially unused. (Please ignore the smell if the reported class is auto-generated and/or used to serve a specific known purpose.)
jitwatch,org.adoptopenjdk.jitwatch.histo,NativeSizeHistoWalker,Unutilized Abstraction,The tool detected the smell in this class because this class is potentially unused. (Please ignore the smell if the reported class is auto-generated and/or used to serve a specific known purpose.)
jitwatch,org.adoptopenjdk.jitwatch.histo,NativeSizeHistoWalker,Broken Hierarchy,The tool detected a potential instance of the smell because this type does not implement or override any method from it's supertype(s): AbstractHistoVisitable
jitwatch,org.adoptopenjdk.jitwatch.inline,HeadlessInlineVisitor.InlineJournalVisitor,Unnecessary Abstraction,The tool detected the smell in this class because the class contains only a few data members without any method implementation, that indicates that the abstraction might not be required. Following fields are declared in this class: failures; model; callerName
jitwatch,org.adoptopenjdk.jitwatch.inline,HeadlessInlineVisitor.InlineJournalVisitor,Unutilized Abstraction,The tool detected the smell in this class because this class is potentially unused. (Please ignore the smell if the reported class is auto-generated and/or used to serve a specific known purpose.)
jitwatch,org.adoptopenjdk.jitwatch.inline,HeadlessInlineVisitor.InlineFailureInfo,Unnecessary Abstraction,The tool detected the smell in this class because the class contains only a few data members without any method implementation, that indicates that the abstraction might not be required. Following fields are declared in this class: memberName; byteCodeSize; failureCount; callers
jitwatch,org.adoptopenjdk.jitwatch.inline,HeadlessInlineVisitor.InlineFailureInfo,Unutilized Abstraction,The tool detected the smell in this class because this class is potentially unused. (Please ignore the smell if the reported class is auto-generated and/or used to serve a specific known purpose.)
jitwatch,org.adoptopenjdk.jitwatch.jarscan.allocationcount,AllocationCountOperation,Unutilized Abstraction,The tool detected the smell in this class because this class is potentially unused. (Please ignore the smell if the reported class is auto-generated and/or used to serve a specific known purpose.)
jitwatch,org.adoptopenjdk.jitwatch.jarscan.freqinlinesize,FreqInlineSizeOperation,Unutilized Abstraction,The tool detected the smell in this class because this class is potentially unused. (Please ignore the smell if the reported class is auto-generated and/or used to serve a specific known purpose.)
jitwatch,org.adoptopenjdk.jitwatch.jarscan,JarScan,Unutilized Abstraction,The tool detected the smell in this class because this class is potentially unused. (Please ignore the smell if the reported class is auto-generated and/or used to serve a specific known purpose.)
jitwatch,org.adoptopenjdk.jitwatch.jarscan.instructioncount,InstructionCountOperation,Unutilized Abstraction,The tool detected the smell in this class because this class is potentially unused. (Please ignore the smell if the reported class is auto-generated and/or used to serve a specific known purpose.)
jitwatch,org.adoptopenjdk.jitwatch.jarscan.invokecount,InvokeCountOperation,Unutilized Abstraction,The tool detected the smell in this class because this class is potentially unused. (Please ignore the smell if the reported class is auto-generated and/or used to serve a specific known purpose.)
jitwatch,org.adoptopenjdk.jitwatch.jarscan.methodlength,MethodLengthOperation,Unutilized Abstraction,The tool detected the smell in this class because this class is potentially unused. (Please ignore the smell if the reported class is auto-generated and/or used to serve a specific known purpose.)
jitwatch,org.adoptopenjdk.jitwatch.jarscan.methodsizehisto,MethodSizeHistoOperation,Unutilized Abstraction,The tool detected the smell in this class because this class is potentially unused. (Please ignore the smell if the reported class is auto-generated and/or used to serve a specific known purpose.)
jitwatch,org.adoptopenjdk.jitwatch.jarscan.nextinstruction,NextInstructionOperation,Unutilized Abstraction,The tool detected the smell in this class because this class is potentially unused. (Please ignore the smell if the reported class is auto-generated and/or used to serve a specific known purpose.)
jitwatch,org.adoptopenjdk.jitwatch.jarscan.sequencesearch,SequenceSearchOperation,Unutilized Abstraction,The tool detected the smell in this class because this class is potentially unused. (Please ignore the smell if the reported class is auto-generated and/or used to serve a specific known purpose.)
jitwatch,org.adoptopenjdk.jitwatch.launch,LaunchHeadless,Unutilized Abstraction,The tool detected the smell in this class because this class is potentially unused. (Please ignore the smell if the reported class is auto-generated and/or used to serve a specific known purpose.)
jitwatch,org.adoptopenjdk.jitwatch.launch,LaunchUI,Unutilized Abstraction,The tool detected the smell in this class because this class is potentially unused. (Please ignore the smell if the reported class is auto-generated and/or used to serve a specific known purpose.)
jitwatch,org.adoptopenjdk.jitwatch.loader,BytecodeLoader,Cyclically-dependent Modularization,The tool detected the smell in this class because this class participates in a cyclic dependency. The participating classes in the cycle are: ParseUtil; IReadOnlyJITDataModel; PackageManager; MetaClass; MetaPackage; ClassBC; MemberBytecode; LineTable; MemberSignatureParts; BytecodeAnnotations; IMetaMember; Compilation; Task; CompilerThread; BytecodeLoader; SourceMapper
jitwatch,org.adoptopenjdk.jitwatch.loader,BytecodeLoader,Insufficient Modularization,The tool detected the smell in this class because the class is highly complex. The sum of cyclomatic complexity of all methods of this class (i.e. WMC) is: 117
jitwatch,org.adoptopenjdk.jitwatch.loader,BytecodeLoader.BytecodeSection,Unnecessary Abstraction,The tool detected the smell in this class because the class contains only a few data members without any method implementation, that indicates that the abstraction might not be required. Following fields are declared in this class: 
jitwatch,org.adoptopenjdk.jitwatch.loader,BytecodeLoader.BytecodeSection,Unutilized Abstraction,The tool detected the smell in this class because this class is potentially unused. (Please ignore the smell if the reported class is auto-generated and/or used to serve a specific known purpose.)
jitwatch,org.adoptopenjdk.jitwatch.logger,NullLogListener,Unutilized Abstraction,The tool detected the smell in this class because this class is potentially unused. (Please ignore the smell if the reported class is auto-generated and/or used to serve a specific known purpose.)
jitwatch,org.adoptopenjdk.jitwatch.logger,StdLogListener,Unutilized Abstraction,The tool detected the smell in this class because this class is potentially unused. (Please ignore the smell if the reported class is auto-generated and/or used to serve a specific known purpose.)
jitwatch,org.adoptopenjdk.jitwatch.model,AbstractMetaMember,Insufficient Modularization,The tool detected the smell in this class becuase the class has bloated interface (large number of public methods). Total public methods in the class: 33 public methods
jitwatch,org.adoptopenjdk.jitwatch.model,AnnotationException,Unutilized Abstraction,The tool detected the smell in this class because this class is potentially unused. (Please ignore the smell if the reported class is auto-generated and/or used to serve a specific known purpose.)
jitwatch,org.adoptopenjdk.jitwatch.model,BCIOpcodeMap,Unnecessary Abstraction,The tool detected the smell in this class because the class contains only a few data members without any method implementation, that indicates that the abstraction might not be required. Following fields are declared in this class: serialVersionUID
jitwatch,org.adoptopenjdk.jitwatch.model,CodeCacheEvent.CodeCacheEventType,Unnecessary Abstraction,The tool detected the smell in this class because the class contains only a few data members without any method implementation, that indicates that the abstraction might not be required. Following fields are declared in this class: 
jitwatch,org.adoptopenjdk.jitwatch.model,CodeCacheEvent.CodeCacheEventType,Unutilized Abstraction,The tool detected the smell in this class because this class is potentially unused. (Please ignore the smell if the reported class is auto-generated and/or used to serve a specific known purpose.)
jitwatch,org.adoptopenjdk.jitwatch.model,Compilation,Cyclically-dependent Modularization,The tool detected the smell in this class because this class participates in a cyclic dependency. The participating classes in the cycle are: ParseUtil; IReadOnlyJITDataModel; PackageManager; MetaClass; MetaPackage; ClassBC; MemberBytecode; LineTable; MemberSignatureParts; BytecodeAnnotations; IMetaMember; Compilation; Task; CompilerThread; BytecodeLoader; SourceMapper
jitwatch,org.adoptopenjdk.jitwatch.model,Compilation,Insufficient Modularization,The tool detected the smell in this class becuase the class has bloated interface (large number of public methods). Total public methods in the class: 39 public methods
jitwatch,org.adoptopenjdk.jitwatch.model,CompilerName,Unnecessary Abstraction,The tool detected the smell in this class because the class contains only a few data members without any method implementation, that indicates that the abstraction might not be required. Following fields are declared in this class: 
jitwatch,org.adoptopenjdk.jitwatch.model,CompilerName,Unutilized Abstraction,The tool detected the smell in this class because this class is potentially unused. (Please ignore the smell if the reported class is auto-generated and/or used to serve a specific known purpose.)
jitwatch,org.adoptopenjdk.jitwatch.model,EliminatedAllocation,Unutilized Abstraction,The tool detected the smell in this class because this class is potentially unused. (Please ignore the smell if the reported class is auto-generated and/or used to serve a specific known purpose.)
jitwatch,org.adoptopenjdk.jitwatch.model,EventType,Unnecessary Abstraction,The tool detected the smell in this class because the class contains only a few data members without any method implementation, that indicates that the abstraction might not be required. Following fields are declared in this class: text
jitwatch,org.adoptopenjdk.jitwatch.model,JITDataModel,Feature Envy,The tool detected a instance of this smell because updateStats is more interested in members of the type: JITStats
jitwatch,org.adoptopenjdk.jitwatch.model,JITDataModel,Insufficient Modularization,The tool detected the smell in this class becuase the class has bloated interface (large number of public methods). Total public methods in the class: 22 public methods
jitwatch,org.adoptopenjdk.jitwatch.model,JITStats,Insufficient Modularization,The tool detected the smell in this class becuase the class has bloated interface (large number of public methods). Total public methods in the class: 43 public methods
jitwatch,org.adoptopenjdk.jitwatch.model,MemberSignatureParts,Insufficient Modularization,The tool detected the smell in this class becuase the class has bloated interface (large number of public methods). Total public methods in the class: 21 public methods
jitwatch,org.adoptopenjdk.jitwatch.model,MetaClass,Insufficient Modularization,The tool detected the smell in this class becuase the class has bloated interface (large number of public methods). Total public methods in the class: 25 public methods
jitwatch,org.adoptopenjdk.jitwatch.model,MetaConstructor,Broken Hierarchy,The tool detected a potential instance of the smell because this type does not implement or override any method from it's supertype(s): AbstractMetaMember
jitwatch,org.adoptopenjdk.jitwatch.model,MetaMethod,Broken Hierarchy,The tool detected a potential instance of the smell because this type does not implement or override any method from it's supertype(s): AbstractMetaMember
jitwatch,org.adoptopenjdk.jitwatch.model,Tag,Insufficient Modularization,The tool detected the smell in this class becuase the class has bloated interface (large number of public methods). Total public methods in the class: 20 public methods
jitwatch,org.adoptopenjdk.jitwatch.model,Task,Feature Envy,The tool detected a instance of this smell because decodeParseMethod is more interested in members of the type: IParseDictionary
jitwatch,org.adoptopenjdk.jitwatch.model,Task,Broken Hierarchy,The tool detected a potential instance of the smell because this type does not implement or override any method from it's supertype(s): Tag
jitwatch,org.adoptopenjdk.jitwatch.model.assembly,AbstractAssemblyParser,Unutilized Abstraction,The tool detected the smell in this class because this class is potentially unused. (Please ignore the smell if the reported class is auto-generated and/or used to serve a specific known purpose.)
jitwatch,org.adoptopenjdk.jitwatch.model.assembly,Architecture,Unnecessary Abstraction,The tool detected the smell in this class because the class contains only a few data members without any method implementation, that indicates that the abstraction might not be required. Following fields are declared in this class: ARCH_X86_32; ARCH_X86_64; ARCH_AMD_64; ARCH_ARM_32; ARCH_ARM_64
jitwatch,org.adoptopenjdk.jitwatch.model.assembly,Architecture,Broken Modularization,The tool detected the smell in this class because it contains only data members without any method implementation. Following fields are declared in this class: ARCH_X86_32; ARCH_X86_64; ARCH_AMD_64; ARCH_ARM_32; ARCH_ARM_64
jitwatch,org.adoptopenjdk.jitwatch.model.assembly,AssemblyBlock,Cyclically-dependent Modularization,The tool detected the smell in this class because this class participates in a cyclic dependency. The participating classes in the cycle are: IAssemblyParser; AssemblyMethod; AssemblyBlock; AssemblyInstruction; AssemblyLabels; AssemblyUtil
jitwatch,org.adoptopenjdk.jitwatch.model.assembly.arm,AssemblyParserARM,Unutilized Abstraction,The tool detected the smell in this class because this class is potentially unused. (Please ignore the smell if the reported class is auto-generated and/or used to serve a specific known purpose.)
jitwatch,org.adoptopenjdk.jitwatch.model.assembly.x86,AssemblyParserX86,Unutilized Abstraction,The tool detected the smell in this class because this class is potentially unused. (Please ignore the smell if the reported class is auto-generated and/or used to serve a specific known purpose.)
jitwatch,org.adoptopenjdk.jitwatch.model.bytecode,BCAnnotationType,Unnecessary Abstraction,The tool detected the smell in this class because the class contains only a few data members without any method implementation, that indicates that the abstraction might not be required. Following fields are declared in this class: 
jitwatch,org.adoptopenjdk.jitwatch.model.bytecode,BCParamConstant,Unutilized Abstraction,The tool detected the smell in this class because this class is potentially unused. (Please ignore the smell if the reported class is auto-generated and/or used to serve a specific known purpose.)
jitwatch,org.adoptopenjdk.jitwatch.model.bytecode,BCParamString,Unutilized Abstraction,The tool detected the smell in this class because this class is potentially unused. (Please ignore the smell if the reported class is auto-generated and/or used to serve a specific known purpose.)
jitwatch,org.adoptopenjdk.jitwatch.model.bytecode,BytecodeAnnotations,Cyclically-dependent Modularization,The tool detected the smell in this class because this class participates in a cyclic dependency. The participating classes in the cycle are: ParseUtil; IReadOnlyJITDataModel; PackageManager; MetaClass; MetaPackage; ClassBC; MemberBytecode; LineTable; MemberSignatureParts; BytecodeAnnotations; IMetaMember; Compilation; Task; CompilerThread; BytecodeLoader; SourceMapper
jitwatch,org.adoptopenjdk.jitwatch.model.bytecode,ClassBC,Insufficient Modularization,The tool detected the smell in this class becuase the class has bloated interface (large number of public methods). Total public methods in the class: 23 public methods
jitwatch,org.adoptopenjdk.jitwatch.model.bytecode,ConstantPool,Unnecessary Abstraction,The tool detected the smell in this class because the class contains only a few data members without any method implementation, that indicates that the abstraction might not be required. Following fields are declared in this class: 
jitwatch,org.adoptopenjdk.jitwatch.model.bytecode,Opcode,Unnecessary Abstraction,The tool detected the smell in this class because the class contains only a few data members without any method implementation, that indicates that the abstraction might not be required. Following fields are declared in this class: code; mnemonic; mnemonicMap; opcodeMap
jitwatch,org.adoptopenjdk.jitwatch.parser,AbstractLogParser,Unutilized Abstraction,The tool detected the smell in this class because this class is potentially unused. (Please ignore the smell if the reported class is auto-generated and/or used to serve a specific known purpose.)
jitwatch,org.adoptopenjdk.jitwatch.parser,AbstractLogParser,Feature Envy,The tool detected a instance of this smell because logSplitStats is more interested in members of the type: SplitLog
jitwatch,org.adoptopenjdk.jitwatch.parser,AbstractLogParser,Insufficient Modularization,The tool detected the smell in this class because the class contains large number of methods. Total methods in the class: 35 methods
jitwatch,org.adoptopenjdk.jitwatch.parser,ParserType,Unnecessary Abstraction,The tool detected the smell in this class because the class contains only a few data members without any method implementation, that indicates that the abstraction might not be required. Following fields are declared in this class: 
jitwatch,org.adoptopenjdk.jitwatch.parser.hotspot,HotSpotLogParser,Unutilized Abstraction,The tool detected the smell in this class because this class is potentially unused. (Please ignore the smell if the reported class is auto-generated and/or used to serve a specific known purpose.)
jitwatch,org.adoptopenjdk.jitwatch.parser.j9,J9Line,Deficient Encapsulation,The tool detected the smell in this class because the class exposes fields belonging to it with public accessibility. Following fields are declared with public accessiblity: TEMPERATURE_COLD; TEMPERATURE_WARM; TEMPERATURE_PROFILED_VERY_HOT; temperature; signature; rangeStart; rangeEnd; attributes; features
jitwatch,org.adoptopenjdk.jitwatch.parser.j9,J9Line,Cyclically-dependent Modularization,The tool detected the smell in this class because this class participates in a cyclic dependency. The participating classes in the cycle are: J9Util; J9Line
jitwatch,org.adoptopenjdk.jitwatch.parser.j9,J9LogParser,Unutilized Abstraction,The tool detected the smell in this class because this class is potentially unused. (Please ignore the smell if the reported class is auto-generated and/or used to serve a specific known purpose.)
jitwatch,org.adoptopenjdk.jitwatch.parser.zing,ZingLine,Insufficient Modularization,The tool detected the smell in this class becuase the class has bloated interface (large number of public methods). Total public methods in the class: 33 public methods
jitwatch,org.adoptopenjdk.jitwatch.parser.zing,ZingLineType,Unnecessary Abstraction,The tool detected the smell in this class because the class contains only a few data members without any method implementation, that indicates that the abstraction might not be required. Following fields are declared in this class: 
jitwatch,org.adoptopenjdk.jitwatch.process,AbstractProcess,Unutilized Abstraction,The tool detected the smell in this class because this class is potentially unused. (Please ignore the smell if the reported class is auto-generated and/or used to serve a specific known purpose.)
jitwatch,org.adoptopenjdk.jitwatch.process.compiler,CompilerGroovy,Unutilized Abstraction,The tool detected the smell in this class because this class is potentially unused. (Please ignore the smell if the reported class is auto-generated and/or used to serve a specific known purpose.)
jitwatch,org.adoptopenjdk.jitwatch.process.compiler,CompilerJavaScript,Unutilized Abstraction,The tool detected the smell in this class because this class is potentially unused. (Please ignore the smell if the reported class is auto-generated and/or used to serve a specific known purpose.)
jitwatch,org.adoptopenjdk.jitwatch.process.compiler,CompilerJRuby,Unutilized Abstraction,The tool detected the smell in this class because this class is potentially unused. (Please ignore the smell if the reported class is auto-generated and/or used to serve a specific known purpose.)
jitwatch,org.adoptopenjdk.jitwatch.process.compiler,CompilerKotlin,Deficient Encapsulation,The tool detected the smell in this class because the class exposes fields belonging to it with public accessibility. Following fields are declared with public accessiblity: compilerPath; COMPILER_NAME; KOTLIN_EXECUTABLE_JAR
jitwatch,org.adoptopenjdk.jitwatch.process.compiler,CompilerScala,Unutilized Abstraction,The tool detected the smell in this class because this class is potentially unused. (Please ignore the smell if the reported class is auto-generated and/or used to serve a specific known purpose.)
jitwatch,org.adoptopenjdk.jitwatch.process.runtime,RuntimeGroovy,Unutilized Abstraction,The tool detected the smell in this class because this class is potentially unused. (Please ignore the smell if the reported class is auto-generated and/or used to serve a specific known purpose.)
jitwatch,org.adoptopenjdk.jitwatch.process.runtime,RuntimeJavaScript,Unutilized Abstraction,The tool detected the smell in this class because this class is potentially unused. (Please ignore the smell if the reported class is auto-generated and/or used to serve a specific known purpose.)
jitwatch,org.adoptopenjdk.jitwatch.process.runtime,RuntimeJRuby,Unutilized Abstraction,The tool detected the smell in this class because this class is potentially unused. (Please ignore the smell if the reported class is auto-generated and/or used to serve a specific known purpose.)
jitwatch,org.adoptopenjdk.jitwatch.process.runtime,RuntimeKotlin,Unutilized Abstraction,The tool detected the smell in this class because this class is potentially unused. (Please ignore the smell if the reported class is auto-generated and/or used to serve a specific known purpose.)
jitwatch,org.adoptopenjdk.jitwatch.process.runtime,RuntimeScala,Unutilized Abstraction,The tool detected the smell in this class because this class is potentially unused. (Please ignore the smell if the reported class is auto-generated and/or used to serve a specific known purpose.)
jitwatch,org.adoptopenjdk.jitwatch.report,AbstractReportBuilder,Unutilized Abstraction,The tool detected the smell in this class because this class is potentially unused. (Please ignore the smell if the reported class is auto-generated and/or used to serve a specific known purpose.)
jitwatch,org.adoptopenjdk.jitwatch.report,ReportType,Unnecessary Abstraction,The tool detected the smell in this class because the class contains only a few data members without any method implementation, that indicates that the abstraction might not be required. Following fields are declared in this class: 
jitwatch,org.adoptopenjdk.jitwatch.report.comparator,MemberComparator,Unutilized Abstraction,The tool detected the smell in this class because this class is potentially unused. (Please ignore the smell if the reported class is auto-generated and/or used to serve a specific known purpose.)
jitwatch,org.adoptopenjdk.jitwatch.report.comparator,ScoreComparator,Unutilized Abstraction,The tool detected the smell in this class because this class is potentially unused. (Please ignore the smell if the reported class is auto-generated and/or used to serve a specific known purpose.)
jitwatch,org.adoptopenjdk.jitwatch.report.escapeanalysis,AbstractEscapeAnalysisWalker,Unutilized Abstraction,The tool detected the smell in this class because this class is potentially unused. (Please ignore the smell if the reported class is auto-generated and/or used to serve a specific known purpose.)
jitwatch,org.adoptopenjdk.jitwatch.toplist,CompiledAttributeTopListVisitable,Unutilized Abstraction,The tool detected the smell in this class because this class is potentially unused. (Please ignore the smell if the reported class is auto-generated and/or used to serve a specific known purpose.)
jitwatch,org.adoptopenjdk.jitwatch.toplist,CompiledAttributeTopListVisitable,Broken Hierarchy,The tool detected a potential instance of the smell because this type does not implement or override any method from it's supertype(s): AbstractTopListVisitable
jitwatch,org.adoptopenjdk.jitwatch.toplist,CompileTimeTopListVisitable,Unutilized Abstraction,The tool detected the smell in this class because this class is potentially unused. (Please ignore the smell if the reported class is auto-generated and/or used to serve a specific known purpose.)
jitwatch,org.adoptopenjdk.jitwatch.toplist,CompileTimeTopListVisitable,Broken Hierarchy,The tool detected a potential instance of the smell because this type does not implement or override any method from it's supertype(s): AbstractTopListVisitable
jitwatch,org.adoptopenjdk.jitwatch.toplist,HotThrowTopListVisitable,Unutilized Abstraction,The tool detected the smell in this class because this class is potentially unused. (Please ignore the smell if the reported class is auto-generated and/or used to serve a specific known purpose.)
jitwatch,org.adoptopenjdk.jitwatch.toplist,InliningFailReasonTopListVisitable,Unutilized Abstraction,The tool detected the smell in this class because this class is potentially unused. (Please ignore the smell if the reported class is auto-generated and/or used to serve a specific known purpose.)
jitwatch,org.adoptopenjdk.jitwatch.toplist,MemberScore,Unutilized Abstraction,The tool detected the smell in this class because this class is potentially unused. (Please ignore the smell if the reported class is auto-generated and/or used to serve a specific known purpose.)
jitwatch,org.adoptopenjdk.jitwatch.toplist,MostUsedIntrinsicsTopListVisitable,Unutilized Abstraction,The tool detected the smell in this class because this class is potentially unused. (Please ignore the smell if the reported class is auto-generated and/or used to serve a specific known purpose.)
jitwatch,org.adoptopenjdk.jitwatch.toplist,NativeMethodSizeTopListVisitable,Unutilized Abstraction,The tool detected the smell in this class because this class is potentially unused. (Please ignore the smell if the reported class is auto-generated and/or used to serve a specific known purpose.)
jitwatch,org.adoptopenjdk.jitwatch.toplist,NativeMethodSizeTopListVisitable,Broken Hierarchy,The tool detected a potential instance of the smell because this type does not implement or override any method from it's supertype(s): AbstractTopListVisitable
jitwatch,org.adoptopenjdk.jitwatch.toplist,StaleTaskToplistVisitable,Unutilized Abstraction,The tool detected the smell in this class because this class is potentially unused. (Please ignore the smell if the reported class is auto-generated and/or used to serve a specific known purpose.)
jitwatch,org.adoptopenjdk.jitwatch.toplist,StringTopListScore,Unutilized Abstraction,The tool detected the smell in this class because this class is potentially unused. (Please ignore the smell if the reported class is auto-generated and/or used to serve a specific known purpose.)
jitwatch,org.adoptopenjdk.jitwatch.util,OSUtil.OperatingSystem,Unnecessary Abstraction,The tool detected the smell in this class because the class contains only a few data members without any method implementation, that indicates that the abstraction might not be required. Following fields are declared in this class: 
jitwatch,org.adoptopenjdk.jitwatch.util,OSUtil.OperatingSystem,Unutilized Abstraction,The tool detected the smell in this class because this class is potentially unused. (Please ignore the smell if the reported class is auto-generated and/or used to serve a specific known purpose.)
jitwatch,org.adoptopenjdk.jitwatch.util,ParseUtil,Deficient Encapsulation,The tool detected the smell in this class because the class exposes fields belonging to it with public accessibility. Following fields are declared with public accessiblity: logger; CLASS_NAME_REGEX_GROUP; METHOD_NAME_REGEX_GROUP; PARAM_REGEX_GROUP; RETURN_REGEX_GROUP; PATTERN_LOG_SIGNATURE; TYPE_SHORT; TYPE_CHARACTER; TYPE_BYTE; TYPE_VOID; TYPE_LONG; TYPE_DOUBLE; TYPE_BOOLEAN; TYPE_INTEGER; TYPE_FLOAT
jitwatch,org.adoptopenjdk.jitwatch.util,ParseUtil,Cyclically-dependent Modularization,The tool detected the smell in this class because this class participates in a cyclic dependency. The participating classes in the cycle are: ParseUtil; IReadOnlyJITDataModel; PackageManager; MetaClass; MetaPackage; ClassBC; MemberBytecode; LineTable; MemberSignatureParts; BytecodeAnnotations; IMetaMember; Compilation; Task; CompilerThread; BytecodeLoader; SourceMapper
jitwatch,org.adoptopenjdk.jitwatch.util,ParseUtil,Insufficient Modularization,The tool detected the smell in this class becuase the class has bloated interface (large number of public methods). Total public methods in the class: 43 public methods
jitwatch,org.adoptopenjdk.jitwatch.util,StringUtil,Insufficient Modularization,The tool detected the smell in this class becuase the class has bloated interface (large number of public methods). Total public methods in the class: 28 public methods
jitwatch,org.adoptopenjdk.jitwatch.util,TimerUtil,Unutilized Abstraction,The tool detected the smell in this class because this class is potentially unused. (Please ignore the smell if the reported class is auto-generated and/or used to serve a specific known purpose.)
jitwatch,org.adoptopenjdk.jitwatch.util,LocaleCell,Unutilized Abstraction,The tool detected the smell in this class because this class is potentially unused. (Please ignore the smell if the reported class is auto-generated and/or used to serve a specific known purpose.)
jitwatch,org.adoptopenjdk.jitwatch.util,UserInterfaceUtil,Feature Envy,The tool detected a instance of this smell because createButton is more interested in members of the type: ObservableResourceFactory
jitwatch,org.adoptopenjdk.jitwatch.util,UserInterfaceUtil,Feature Envy,The tool detected a instance of this smell because createCheckBox is more interested in members of the type: ObservableResourceFactory
jitwatch,org.adoptopenjdk.jitwatch.util,UserInterfaceUtil,Feature Envy,The tool detected a instance of this smell because createLabel is more interested in members of the type: ObservableResourceFactory
jitwatch,org.adoptopenjdk.jitwatch.util,UserInterfaceUtil,Deficient Encapsulation,The tool detected the smell in this class because the class exposes fields belonging to it with public accessibility. Following fields are declared with public accessiblity: logger; RESOURCE_NAME; RESOURCE_FACTORY; IMAGE_TICK; IMAGE_CAMERA; FONT_MONOSPACE_FAMILY; FONT_MONOSPACE_SIZE; ADD_CLOSE_DECORATION; tooltipKey
jitwatch,org.adoptopenjdk.jitwatch.util,UserInterfaceUtil.TooltipBinding,Unnecessary Abstraction,The tool detected the smell in this class because the class contains only a few data members without any method implementation, that indicates that the abstraction might not be required. Following fields are declared in this class: tooltipKey
jitwatch,org.adoptopenjdk.jitwatch.util,UserInterfaceUtil.TooltipBinding,Unutilized Abstraction,The tool detected the smell in this class because this class is potentially unused. (Please ignore the smell if the reported class is auto-generated and/or used to serve a specific known purpose.)
jitwatch,(default package),Branchless,Unutilized Abstraction,The tool detected the smell in this class because this class is potentially unused. (Please ignore the smell if the reported class is auto-generated and/or used to serve a specific known purpose.)
jitwatch,(default package),CodeCacheBuster,Unutilized Abstraction,The tool detected the smell in this class because this class is potentially unused. (Please ignore the smell if the reported class is auto-generated and/or used to serve a specific known purpose.)
jitwatch,(default package),CodeCacheBuster,Insufficient Modularization,The tool detected the smell in this class becuase the class has bloated interface (large number of public methods). Total public methods in the class: 5001 public methods
jitwatch,(default package),DeoptTest,Unutilized Abstraction,The tool detected the smell in this class because this class is potentially unused. (Please ignore the smell if the reported class is auto-generated and/or used to serve a specific known purpose.)
jitwatch,(default package),DoesItVectorise,Unutilized Abstraction,The tool detected the smell in this class because this class is potentially unused. (Please ignore the smell if the reported class is auto-generated and/or used to serve a specific known purpose.)
jitwatch,(default package),ElisionTest,Unutilized Abstraction,The tool detected the smell in this class because this class is potentially unused. (Please ignore the smell if the reported class is auto-generated and/or used to serve a specific known purpose.)
jitwatch,(default package),ElisionTest2,Unutilized Abstraction,The tool detected the smell in this class because this class is potentially unused. (Please ignore the smell if the reported class is auto-generated and/or used to serve a specific known purpose.)
jitwatch,(default package),EscapeTest,Unutilized Abstraction,The tool detected the smell in this class because this class is potentially unused. (Please ignore the smell if the reported class is auto-generated and/or used to serve a specific known purpose.)
jitwatch,(default package),EscapeTest.Wrapper1,Unnecessary Abstraction,The tool detected the smell in this class because the class contains only a few data members without any method implementation, that indicates that the abstraction might not be required. Following fields are declared in this class: value
jitwatch,(default package),EscapeTest.Wrapper1,Unutilized Abstraction,The tool detected the smell in this class because this class is potentially unused. (Please ignore the smell if the reported class is auto-generated and/or used to serve a specific known purpose.)
jitwatch,(default package),EscapeTest.Wrapper2,Unnecessary Abstraction,The tool detected the smell in this class because the class contains only a few data members without any method implementation, that indicates that the abstraction might not be required. Following fields are declared in this class: value
jitwatch,(default package),EscapeTest.Wrapper2,Unutilized Abstraction,The tool detected the smell in this class because this class is potentially unused. (Please ignore the smell if the reported class is auto-generated and/or used to serve a specific known purpose.)
jitwatch,(default package),EscapeTestManyFields,Unutilized Abstraction,The tool detected the smell in this class because this class is potentially unused. (Please ignore the smell if the reported class is auto-generated and/or used to serve a specific known purpose.)
jitwatch,(default package),EscapeTestManyFields.Wrapper1,Unutilized Abstraction,The tool detected the smell in this class because this class is potentially unused. (Please ignore the smell if the reported class is auto-generated and/or used to serve a specific known purpose.)
jitwatch,(default package),EscapeTestManyFields.Wrapper1,Broken Modularization,The tool detected the smell in this class because it contains only data members without any method implementation. Following fields are declared in this class: v1; v2; v3; v4; v5; v6; v7; v8; v9; v10; v11; v12; v13; v14; v15; v16; v17; v18; v19; v20
jitwatch,(default package),EscapeTestManyFields.Wrapper2,Unutilized Abstraction,The tool detected the smell in this class because this class is potentially unused. (Please ignore the smell if the reported class is auto-generated and/or used to serve a specific known purpose.)
jitwatch,(default package),EscapeTestManyFields.Wrapper2,Broken Modularization,The tool detected the smell in this class because it contains only data members without any method implementation. Following fields are declared in this class: v1; v2; v3; v4; v5; v6; v7; v8; v9; v10; v11; v12; v13; v14; v15; v16; v17; v18; v19; v20
jitwatch,(default package),EscapeTestMultipleFields,Unutilized Abstraction,The tool detected the smell in this class because this class is potentially unused. (Please ignore the smell if the reported class is auto-generated and/or used to serve a specific known purpose.)
jitwatch,(default package),EscapeTestMultipleFields.Wrapper1,Unnecessary Abstraction,The tool detected the smell in this class because the class contains only a few data members without any method implementation, that indicates that the abstraction might not be required. Following fields are declared in this class: v1; v2; v3
jitwatch,(default package),EscapeTestMultipleFields.Wrapper1,Unutilized Abstraction,The tool detected the smell in this class because this class is potentially unused. (Please ignore the smell if the reported class is auto-generated and/or used to serve a specific known purpose.)
jitwatch,(default package),EscapeTestMultipleFields.Wrapper2,Unnecessary Abstraction,The tool detected the smell in this class because the class contains only a few data members without any method implementation, that indicates that the abstraction might not be required. Following fields are declared in this class: v1; v2; v3
jitwatch,(default package),EscapeTestMultipleFields.Wrapper2,Unutilized Abstraction,The tool detected the smell in this class because this class is potentially unused. (Please ignore the smell if the reported class is auto-generated and/or used to serve a specific known purpose.)
jitwatch,(default package),EscapeTestString,Unutilized Abstraction,The tool detected the smell in this class because this class is potentially unused. (Please ignore the smell if the reported class is auto-generated and/or used to serve a specific known purpose.)
jitwatch,(default package),EscapeTestString.Wrapper1,Unnecessary Abstraction,The tool detected the smell in this class because the class contains only a few data members without any method implementation, that indicates that the abstraction might not be required. Following fields are declared in this class: value
jitwatch,(default package),EscapeTestString.Wrapper1,Unutilized Abstraction,The tool detected the smell in this class because this class is potentially unused. (Please ignore the smell if the reported class is auto-generated and/or used to serve a specific known purpose.)
jitwatch,(default package),EscapeTestString.Wrapper2,Unnecessary Abstraction,The tool detected the smell in this class because the class contains only a few data members without any method implementation, that indicates that the abstraction might not be required. Following fields are declared in this class: value
jitwatch,(default package),EscapeTestString.Wrapper2,Unutilized Abstraction,The tool detected the smell in this class because this class is potentially unused. (Please ignore the smell if the reported class is auto-generated and/or used to serve a specific known purpose.)
jitwatch,(default package),EscapeTestUnboxing,Unutilized Abstraction,The tool detected the smell in this class because this class is potentially unused. (Please ignore the smell if the reported class is auto-generated and/or used to serve a specific known purpose.)
jitwatch,(default package),HotThrow,Unutilized Abstraction,The tool detected the smell in this class because this class is potentially unused. (Please ignore the smell if the reported class is auto-generated and/or used to serve a specific known purpose.)
jitwatch,(default package),InlineElimAlloc,Unutilized Abstraction,The tool detected the smell in this class because this class is potentially unused. (Please ignore the smell if the reported class is auto-generated and/or used to serve a specific known purpose.)
jitwatch,(default package),InlineSmallCode,Unutilized Abstraction,The tool detected the smell in this class because this class is potentially unused. (Please ignore the smell if the reported class is auto-generated and/or used to serve a specific known purpose.)
jitwatch,(default package),InlineSmallCode.Point,Unnecessary Abstraction,The tool detected the smell in this class because the class contains only a few data members without any method implementation, that indicates that the abstraction might not be required. Following fields are declared in this class: x; y
jitwatch,(default package),InlineSmallCode.Point,Unutilized Abstraction,The tool detected the smell in this class because this class is potentially unused. (Please ignore the smell if the reported class is auto-generated and/or used to serve a specific known purpose.)
jitwatch,(default package),InliningChains,Unutilized Abstraction,The tool detected the smell in this class because this class is potentially unused. (Please ignore the smell if the reported class is auto-generated and/or used to serve a specific known purpose.)
jitwatch,(default package),IntrinsicTest,Unutilized Abstraction,The tool detected the smell in this class because this class is potentially unused. (Please ignore the smell if the reported class is auto-generated and/or used to serve a specific known purpose.)
jitwatch,(default package),Lambda,Unutilized Abstraction,The tool detected the smell in this class because this class is potentially unused. (Please ignore the smell if the reported class is auto-generated and/or used to serve a specific known purpose.)
jitwatch,(default package),LockCoarsen,Unutilized Abstraction,The tool detected the smell in this class because this class is potentially unused. (Please ignore the smell if the reported class is auto-generated and/or used to serve a specific known purpose.)
jitwatch,(default package),LockEliminate,Unutilized Abstraction,The tool detected the smell in this class because this class is potentially unused. (Please ignore the smell if the reported class is auto-generated and/or used to serve a specific known purpose.)
jitwatch,(default package),LoopUnroll,Unutilized Abstraction,The tool detected the smell in this class because this class is potentially unused. (Please ignore the smell if the reported class is auto-generated and/or used to serve a specific known purpose.)
jitwatch,(default package),MegamorphicBypass,Unutilized Abstraction,The tool detected the smell in this class because this class is potentially unused. (Please ignore the smell if the reported class is auto-generated and/or used to serve a specific known purpose.)
jitwatch,(default package),MegamorphicBypass,Deficient Encapsulation,The tool detected the smell in this class because the class exposes fields belonging to it with public accessibility. Following fields are declared with public accessiblity: moneyBox
jitwatch,(default package),MegamorphicBypass.Coin,Unutilized Abstraction,The tool detected the smell in this class because this class is potentially unused. (Please ignore the smell if the reported class is auto-generated and/or used to serve a specific known purpose.)
jitwatch,(default package),MegamorphicBypass.Nickel,Unnecessary Abstraction,The tool detected the smell in this class because the class contains only a few data members without any method implementation, that indicates that the abstraction might not be required. Following fields are declared in this class: 
jitwatch,(default package),MegamorphicBypass.Nickel,Unutilized Abstraction,The tool detected the smell in this class because this class is potentially unused. (Please ignore the smell if the reported class is auto-generated and/or used to serve a specific known purpose.)
jitwatch,(default package),MegamorphicBypass.Dime,Unnecessary Abstraction,The tool detected the smell in this class because the class contains only a few data members without any method implementation, that indicates that the abstraction might not be required. Following fields are declared in this class: 
jitwatch,(default package),MegamorphicBypass.Dime,Unutilized Abstraction,The tool detected the smell in this class because this class is potentially unused. (Please ignore the smell if the reported class is auto-generated and/or used to serve a specific known purpose.)
jitwatch,(default package),MegamorphicBypass.Quarter,Unnecessary Abstraction,The tool detected the smell in this class because the class contains only a few data members without any method implementation, that indicates that the abstraction might not be required. Following fields are declared in this class: 
jitwatch,(default package),MegamorphicBypass.Quarter,Unutilized Abstraction,The tool detected the smell in this class because this class is potentially unused. (Please ignore the smell if the reported class is auto-generated and/or used to serve a specific known purpose.)
jitwatch,(default package),OSRTest,Unutilized Abstraction,The tool detected the smell in this class because this class is potentially unused. (Please ignore the smell if the reported class is auto-generated and/or used to serve a specific known purpose.)
jitwatch,(default package),PartialEscapeFail,Unutilized Abstraction,The tool detected the smell in this class because this class is potentially unused. (Please ignore the smell if the reported class is auto-generated and/or used to serve a specific known purpose.)
jitwatch,(default package),PartialEscapeFail.EscapeConsumer,Unnecessary Abstraction,The tool detected the smell in this class because the class contains only a few data members without any method implementation, that indicates that the abstraction might not be required. Following fields are declared in this class: 
jitwatch,(default package),PartialEscapeFail.EscapeConsumer,Unutilized Abstraction,The tool detected the smell in this class because this class is potentially unused. (Please ignore the smell if the reported class is auto-generated and/or used to serve a specific known purpose.)
jitwatch,(default package),PolymorphismTest,Unutilized Abstraction,The tool detected the smell in this class because this class is potentially unused. (Please ignore the smell if the reported class is auto-generated and/or used to serve a specific known purpose.)
jitwatch,(default package),PolymorphismTest,Deficient Encapsulation,The tool detected the smell in this class because the class exposes fields belonging to it with public accessibility. Following fields are declared with public accessiblity: moneyBox
jitwatch,(default package),PolymorphismTest.Coin,Unutilized Abstraction,The tool detected the smell in this class because this class is potentially unused. (Please ignore the smell if the reported class is auto-generated and/or used to serve a specific known purpose.)
jitwatch,(default package),PolymorphismTest.Nickel,Unnecessary Abstraction,The tool detected the smell in this class because the class contains only a few data members without any method implementation, that indicates that the abstraction might not be required. Following fields are declared in this class: 
jitwatch,(default package),PolymorphismTest.Nickel,Unutilized Abstraction,The tool detected the smell in this class because this class is potentially unused. (Please ignore the smell if the reported class is auto-generated and/or used to serve a specific known purpose.)
jitwatch,(default package),PolymorphismTest.Dime,Unnecessary Abstraction,The tool detected the smell in this class because the class contains only a few data members without any method implementation, that indicates that the abstraction might not be required. Following fields are declared in this class: 
jitwatch,(default package),PolymorphismTest.Dime,Unutilized Abstraction,The tool detected the smell in this class because this class is potentially unused. (Please ignore the smell if the reported class is auto-generated and/or used to serve a specific known purpose.)
jitwatch,(default package),PolymorphismTest.Quarter,Unnecessary Abstraction,The tool detected the smell in this class because the class contains only a few data members without any method implementation, that indicates that the abstraction might not be required. Following fields are declared in this class: 
jitwatch,(default package),PolymorphismTest.Quarter,Unutilized Abstraction,The tool detected the smell in this class because this class is potentially unused. (Please ignore the smell if the reported class is auto-generated and/or used to serve a specific known purpose.)
jitwatch,(default package),SafePointTest,Unutilized Abstraction,The tool detected the smell in this class because this class is potentially unused. (Please ignore the smell if the reported class is auto-generated and/or used to serve a specific known purpose.)
jitwatch,(default package),SimpleInliningTest,Unutilized Abstraction,The tool detected the smell in this class because this class is potentially unused. (Please ignore the smell if the reported class is auto-generated and/or used to serve a specific known purpose.)
jitwatch,(default package),Sort,Unutilized Abstraction,The tool detected the smell in this class because this class is potentially unused. (Please ignore the smell if the reported class is auto-generated and/or used to serve a specific known purpose.)
jitwatch,(default package),Sort,Deficient Encapsulation,The tool detected the smell in this class because the class exposes fields belonging to it with public accessibility. Following fields are declared with public accessiblity: ARRAY_LENGTH; doubleArray1; doubleArray2
jitwatch,(default package),StringBufferLockElision,Unutilized Abstraction,The tool detected the smell in this class because this class is potentially unused. (Please ignore the smell if the reported class is auto-generated and/or used to serve a specific known purpose.)
jitwatch,(default package),TestInner,Unutilized Abstraction,The tool detected the smell in this class because this class is potentially unused. (Please ignore the smell if the reported class is auto-generated and/or used to serve a specific known purpose.)
jitwatch,(default package),TestInner.Inner1,Unnecessary Abstraction,The tool detected the smell in this class because the class contains only a few data members without any method implementation, that indicates that the abstraction might not be required. Following fields are declared in this class: 
jitwatch,(default package),TestInner.Inner1,Unutilized Abstraction,The tool detected the smell in this class because this class is potentially unused. (Please ignore the smell if the reported class is auto-generated and/or used to serve a specific known purpose.)
jitwatch,(default package),TestInner.Inner2,Unnecessary Abstraction,The tool detected the smell in this class because the class contains only a few data members without any method implementation, that indicates that the abstraction might not be required. Following fields are declared in this class: 
jitwatch,(default package),TestInner.Inner2,Unutilized Abstraction,The tool detected the smell in this class because this class is potentially unused. (Please ignore the smell if the reported class is auto-generated and/or used to serve a specific known purpose.)
jitwatch,(default package),TrivialMethod,Unutilized Abstraction,The tool detected the smell in this class because this class is potentially unused. (Please ignore the smell if the reported class is auto-generated and/or used to serve a specific known purpose.)
jitwatch,(default package),UpperCase,Unutilized Abstraction,The tool detected the smell in this class because this class is potentially unused. (Please ignore the smell if the reported class is auto-generated and/or used to serve a specific known purpose.)
jitwatch,(default package),UpperCase,Deficient Encapsulation,The tool detected the smell in this class because the class exposes fields belonging to it with public accessibility. Following fields are declared with public accessiblity: upper
jitwatch,(default package),FooClassInDefaultPackage,Unutilized Abstraction,The tool detected the smell in this class because this class is potentially unused. (Please ignore the smell if the reported class is auto-generated and/or used to serve a specific known purpose.)
jitwatch,org.adoptopenjdk.jitwatch.test,AbstractAssemblyTest,Unnecessary Abstraction,The tool detected the smell in this class because the class contains only a few data members without any method implementation, that indicates that the abstraction might not be required. Following fields are declared in this class: 
jitwatch,org.adoptopenjdk.jitwatch.test,AbstractAssemblyTest.OperandType,Unnecessary Abstraction,The tool detected the smell in this class because the class contains only a few data members without any method implementation, that indicates that the abstraction might not be required. Following fields are declared in this class: 
jitwatch,org.adoptopenjdk.jitwatch.test,AbstractAssemblyTest.OperandType,Unutilized Abstraction,The tool detected the smell in this class because this class is potentially unused. (Please ignore the smell if the reported class is auto-generated and/or used to serve a specific known purpose.)
jitwatch,org.adoptopenjdk.jitwatch.test,DummyClassWithMain,Unutilized Abstraction,The tool detected the smell in this class because this class is potentially unused. (Please ignore the smell if the reported class is auto-generated and/or used to serve a specific known purpose.)
jitwatch,org.adoptopenjdk.jitwatch.test,TestAssemblyLabels,Feature Envy,The tool detected a instance of this smell because testFormatEmpty is more interested in members of the type: AssemblyLabels
jitwatch,org.adoptopenjdk.jitwatch.test,TestAssemblyLabels,Feature Envy,The tool detected a instance of this smell because testFormatJumpLocal is more interested in members of the type: AssemblyLabels
jitwatch,org.adoptopenjdk.jitwatch.test,TestAssemblyLabels,Feature Envy,The tool detected a instance of this smell because testFormatAddressJumpLocal2 is more interested in members of the type: AssemblyLabels
jitwatch,org.adoptopenjdk.jitwatch.test,TestAssemblyLabels,Feature Envy,The tool detected a instance of this smell because testFormatAddressJumpForeign is more interested in members of the type: AssemblyLabels
jitwatch,org.adoptopenjdk.jitwatch.test,TestAssemblyLabels,Feature Envy,The tool detected a instance of this smell because testFormatAddressNotJump is more interested in members of the type: AssemblyLabels
jitwatch,org.adoptopenjdk.jitwatch.test,TestAssemblyLabels,Feature Envy,The tool detected a instance of this smell because testFormatAddressNotJump2 is more interested in members of the type: AssemblyLabels
jitwatch,org.adoptopenjdk.jitwatch.test,TestAssemblyLabels,Feature Envy,The tool detected a instance of this smell because testFormatNoOperands is more interested in members of the type: AssemblyLabels
jitwatch,org.adoptopenjdk.jitwatch.test,TestAssemblyParserARM,Broken Hierarchy,The tool detected a potential instance of the smell because this type does not implement or override any method from it's supertype(s): AbstractAssemblyTest
jitwatch,org.adoptopenjdk.jitwatch.test,TestAssemblyParserX86,Broken Hierarchy,The tool detected a potential instance of the smell because this type does not implement or override any method from it's supertype(s): AbstractAssemblyTest
jitwatch,org.adoptopenjdk.jitwatch.test,TestBytecodeAnnotationBuilder,Insufficient Modularization,The tool detected the smell in this class becuase the class has bloated interface (large number of public methods). Total public methods in the class: 21 public methods
jitwatch,org.adoptopenjdk.jitwatch.test,TestBytecodeLoader,Insufficient Modularization,The tool detected the smell in this class becuase the class has bloated interface (large number of public methods). Total public methods in the class: 23 public methods
jitwatch,org.adoptopenjdk.jitwatch.test,TestJarScan,Deficient Encapsulation,The tool detected the smell in this class because the class exposes fields belonging to it with public accessibility. Following fields are declared with public accessiblity: SHOW_OUTPUT
jitwatch,org.adoptopenjdk.jitwatch.test,TestMemberSignatureParts,Deficient Encapsulation,The tool detected the smell in this class because the class exposes fields belonging to it with public accessibility. Following fields are declared with public accessiblity: timestamp
jitwatch,org.adoptopenjdk.jitwatch.test,TestClassWithGenerics,Unutilized Abstraction,The tool detected the smell in this class because this class is potentially unused. (Please ignore the smell if the reported class is auto-generated and/or used to serve a specific known purpose.)
jitwatch,org.adoptopenjdk.jitwatch.test,TestClassWithGenerics.TestMetaClass,Unnecessary Abstraction,The tool detected the smell in this class because the class contains only a few data members without any method implementation, that indicates that the abstraction might not be required. Following fields are declared in this class: 
jitwatch,org.adoptopenjdk.jitwatch.test,TestClassWithGenerics.TestMetaClass,Unutilized Abstraction,The tool detected the smell in this class because this class is potentially unused. (Please ignore the smell if the reported class is auto-generated and/or used to serve a specific known purpose.)
jitwatch,org.adoptopenjdk.jitwatch.test,TestParseUtil,Insufficient Modularization,The tool detected the smell in this class becuase the class has bloated interface (large number of public methods). Total public methods in the class: 57 public methods
jitwatch,org.adoptopenjdk.jitwatch.test,UnitTestUtil,Deficient Encapsulation,The tool detected the smell in this class because the class exposes fields belonging to it with public accessibility. Following fields are declared with public accessiblity: unhandledTags
jitwatch,org.adoptopenjdk.jitwatch.jarscan.visualiser,HistoPlotter,Unutilized Abstraction,The tool detected the smell in this class because this class is potentially unused. (Please ignore the smell if the reported class is auto-generated and/or used to serve a specific known purpose.)
jitwatch,org.adoptopenjdk.jitwatch.sandbox,Sandbox,Deficient Encapsulation,The tool detected the smell in this class because the class exposes fields belonging to it with public accessibility. Following fields are declared with public accessiblity: logger; logListener; sandboxStage; SANDBOX_DIR; SANDBOX_SOURCE_DIR; SANDBOX_CLASS_DIR; PATH_STD_ERR; PATH_STD_OUT; SANDBOX_LOGFILE; sandboxLogFile; logParser; languageManager; lastProcess
jitwatch,org.adoptopenjdk.jitwatch.sandbox,Sandbox,Cyclically-dependent Modularization,The tool detected the smell in this class because this class participates in a cyclic dependency. The participating classes in the cycle are: EditorPane; ISandboxStage; Sandbox
jitwatch,org.adoptopenjdk.jitwatch.ui.compilechain,CompileChainStage,Deficient Encapsulation,The tool detected the smell in this class because the class exposes fields belonging to it with public accessibility. Following fields are declared with public accessiblity: scrollPane; pane; stageAccess; labelRootNodeMember; compilationChooser; rootNode; X_OFFSET; Y_OFFSET; y; X_GAP; STROKE_WIDTH; RECT_HEIGHT; RECT_Y_GAP; rect; text; model
jitwatch,org.adoptopenjdk.jitwatch.ui.compilechain,CompileChainStage,Cyclically-dependent Modularization,The tool detected the smell in this class because this class participates in a cyclic dependency. The participating classes in the cycle are: TriViewPane; TriView; ViewerBytecode; TriViewNavigationStack; ClassSearch; JITWatchUI; ClassTree; TimeLineStage; StatsStage; HistoStage; CodeCacheStage; CodeCacheLayoutStage; CompilerThreadStage; ReportStage; ReportPackageFilter; SandboxStage; NothingMountedStage; TextViewerStage; CompileChainStage; JournalViewerStage
jitwatch,org.adoptopenjdk.jitwatch.ui.compilechain,CompileChainStage.PlotNode,Unnecessary Abstraction,The tool detected the smell in this class because the class contains only a few data members without any method implementation, that indicates that the abstraction might not be required. Following fields are declared in this class: rect; text
jitwatch,org.adoptopenjdk.jitwatch.ui.compilechain,CompileChainStage.PlotNode,Unutilized Abstraction,The tool detected the smell in this class because this class is potentially unused. (Please ignore the smell if the reported class is auto-generated and/or used to serve a specific known purpose.)
jitwatch,org.adoptopenjdk.jitwatch.ui.compilechain,CompileChainStage.PlotNode,Deficient Encapsulation,The tool detected the smell in this class because the class exposes fields belonging to it with public accessibility. Following fields are declared with public accessiblity: rect; text
jitwatch,org.adoptopenjdk.jitwatch.ui,Dialogs.Response,Unnecessary Abstraction,The tool detected the smell in this class because the class contains only a few data members without any method implementation, that indicates that the abstraction might not be required. Following fields are declared in this class: 
jitwatch,org.adoptopenjdk.jitwatch.ui,Dialogs.Response,Unutilized Abstraction,The tool detected the smell in this class because this class is potentially unused. (Please ignore the smell if the reported class is auto-generated and/or used to serve a specific known purpose.)
jitwatch,org.adoptopenjdk.jitwatch.ui,Dialogs.Dialog,Unnecessary Abstraction,The tool detected the smell in this class because the class contains only a few data members without any method implementation, that indicates that the abstraction might not be required. Following fields are declared in this class: 
jitwatch,org.adoptopenjdk.jitwatch.ui,Dialogs.Dialog,Unutilized Abstraction,The tool detected the smell in this class because this class is potentially unused. (Please ignore the smell if the reported class is auto-generated and/or used to serve a specific known purpose.)
jitwatch,org.adoptopenjdk.jitwatch.ui.filechooser,FileChooserListSrcZip,Unutilized Abstraction,The tool detected the smell in this class because this class is potentially unused. (Please ignore the smell if the reported class is auto-generated and/or used to serve a specific known purpose.)
jitwatch,org.adoptopenjdk.jitwatch.ui.graphing,CodeCacheStage,Cyclically-dependent Modularization,The tool detected the smell in this class because this class participates in a cyclic dependency. The participating classes in the cycle are: TriViewPane; TriView; ViewerBytecode; TriViewNavigationStack; ClassSearch; JITWatchUI; ClassTree; TimeLineStage; StatsStage; HistoStage; CodeCacheStage; CodeCacheLayoutStage; CompilerThreadStage; ReportStage; ReportPackageFilter; SandboxStage; NothingMountedStage; TextViewerStage; CompileChainStage; JournalViewerStage
jitwatch,org.adoptopenjdk.jitwatch.ui.main,ClassMemberList.MetaMethodCell,Unnecessary Abstraction,The tool detected the smell in this class because the class contains only a few data members without any method implementation, that indicates that the abstraction might not be required. Following fields are declared in this class: 
jitwatch,org.adoptopenjdk.jitwatch.ui.main,ClassMemberList.MetaMethodCell,Unutilized Abstraction,The tool detected the smell in this class because this class is potentially unused. (Please ignore the smell if the reported class is auto-generated and/or used to serve a specific known purpose.)
jitwatch,org.adoptopenjdk.jitwatch.ui.main,ClassTree,Cyclically-dependent Modularization,The tool detected the smell in this class because this class participates in a cyclic dependency. The participating classes in the cycle are: TriViewPane; TriView; ViewerBytecode; TriViewNavigationStack; ClassSearch; JITWatchUI; ClassTree; TimeLineStage; StatsStage; HistoStage; CodeCacheStage; CodeCacheLayoutStage; CompilerThreadStage; ReportStage; ReportPackageFilter; SandboxStage; NothingMountedStage; TextViewerStage; CompileChainStage; JournalViewerStage
jitwatch,org.adoptopenjdk.jitwatch.ui.main,CompilationTableRow,Feature Envy,The tool detected a instance of this smell because getCompiler is more interested in members of the type: Compilation
jitwatch,org.adoptopenjdk.jitwatch.ui.main,JITWatchUI,Deficient Encapsulation,The tool detected the smell in this class because the class exposes fields belonging to it with public accessibility. Following fields are declared with public accessiblity: logger; WINDOW_WIDTH; WINDOW_HEIGHT; JAVA_VERSION_7; IS_JAVA_FX2; selectedProgrammatically; stage; logParser; classTree; classMemberList; compilationTable; compilationRowList; textAreaLog; jitLogFile; lastVmCommand; lastSelectedMember; lastSelectedClass; focusMemberFromProperty; PROPERTY_LOGFILE; PROPERTY_SOURCES; PROPERTY_CLASSPATH; PROPERTY_FOCUS_MEMBER; isReadingLogFile; lblVmVersion; lblTweakLog; btnStart; btnStop; btnConfigure; btnTimeLine; btnStats; btnReset; btnHisto; btnTopList; btnErrorLog; btnCodeCacheTimeline; btnNMethods; btnCompilerThreads; btnTriView; btnReportSuggestions; btnReportEliminatedAllocations; btnReportOptimisedLocks; btnSandbox; lblHeap; configStage; timeLineStage; statsStage; histoStage; topListStage; codeCacheTimelineStage; codeCacheBlocksStage; compilerThreadStage; triViewStage; browserStage; reportStageSuggestions; reportStageElminatedAllocations; reportStageOptimisedLocks; sandBoxStage; nothingMountedStage; selectedMember; selectedMetaClass; reportListSuggestions; reportListEliminatedAllocations; reportListOptimisedLocks; codeCacheWalkerResult; runtime; logBuffer; errorLog; errorCount; repaintTree; startDelayedByConfig; parserChooser; suggestionsCounterMessage; eliminatedAllocationsCounterMessage; eliminatedLocksCounterMessage
jitwatch,org.adoptopenjdk.jitwatch.ui.main,JITWatchUI,Missing Hierarchy,The tool detected the smell because a set of type checks are performed to explicitly manage variation in behavior where a hierarchy could have been formed consisting of these participating types. The participating types that were checked are: MainConfigStage; NothingMountedStage in method handleStageClosed
jitwatch,org.adoptopenjdk.jitwatch.ui.main,JITWatchUI,Insufficient Modularization,The tool detected the smell in this class becuase the class has bloated interface (large number of public methods). Total public methods in the class: 59 public methods
jitwatch,org.adoptopenjdk.jitwatch.ui.nmethod,AbstractNMethodStage,Unutilized Abstraction,The tool detected the smell in this class because this class is potentially unused. (Please ignore the smell if the reported class is auto-generated and/or used to serve a specific known purpose.)
jitwatch,org.adoptopenjdk.jitwatch.ui.nmethod.codecache,CodeCacheLayoutStage,Cyclically-dependent Modularization,The tool detected the smell in this class because this class participates in a cyclic dependency. The participating classes in the cycle are: TriViewPane; TriView; ViewerBytecode; TriViewNavigationStack; ClassSearch; JITWatchUI; ClassTree; TimeLineStage; StatsStage; HistoStage; CodeCacheStage; CodeCacheLayoutStage; CompilerThreadStage; ReportStage; ReportPackageFilter; SandboxStage; NothingMountedStage; TextViewerStage; CompileChainStage; JournalViewerStage
jitwatch,org.adoptopenjdk.jitwatch.ui.nmethod.compilerthread,CompilerThreadStage,Cyclically-dependent Modularization,The tool detected the smell in this class because this class participates in a cyclic dependency. The participating classes in the cycle are: TriViewPane; TriView; ViewerBytecode; TriViewNavigationStack; ClassSearch; JITWatchUI; ClassTree; TimeLineStage; StatsStage; HistoStage; CodeCacheStage; CodeCacheLayoutStage; CompilerThreadStage; ReportStage; ReportPackageFilter; SandboxStage; NothingMountedStage; TextViewerStage; CompileChainStage; JournalViewerStage
jitwatch,org.adoptopenjdk.jitwatch.ui.nmethod.compilerthread,CompilerThreadStage.PlotMode,Unnecessary Abstraction,The tool detected the smell in this class because the class contains only a few data members without any method implementation, that indicates that the abstraction might not be required. Following fields are declared in this class: 
jitwatch,org.adoptopenjdk.jitwatch.ui.nmethod.compilerthread,CompilerThreadStage.PlotMode,Unutilized Abstraction,The tool detected the smell in this class because this class is potentially unused. (Please ignore the smell if the reported class is auto-generated and/or used to serve a specific known purpose.)
jitwatch,org.adoptopenjdk.jitwatch.ui.nmethod.compilerthread,CompilerThreadStage.QueueCounter,Unnecessary Abstraction,The tool detected the smell in this class because the class contains only a few data members without any method implementation, that indicates that the abstraction might not be required. Following fields are declared in this class: timestamp; add; compilation
jitwatch,org.adoptopenjdk.jitwatch.ui.nmethod.compilerthread,CompilerThreadStage.QueueCounter,Unutilized Abstraction,The tool detected the smell in this class because this class is potentially unused. (Please ignore the smell if the reported class is auto-generated and/or used to serve a specific known purpose.)
jitwatch,org.adoptopenjdk.jitwatch.ui.report,AbstractReportRowBean,Unutilized Abstraction,The tool detected the smell in this class because this class is potentially unused. (Please ignore the smell if the reported class is auto-generated and/or used to serve a specific known purpose.)
jitwatch,org.adoptopenjdk.jitwatch.ui.report,AbstractReportRowBean,Broken Hierarchy,The tool detected a potential instance of the smell because this type does not implement or override any method from it's supertype(s): IReportRowBean
jitwatch,org.adoptopenjdk.jitwatch.ui.report,ReportPackageFilter,Cyclically-dependent Modularization,The tool detected the smell in this class because this class participates in a cyclic dependency. The participating classes in the cycle are: TriViewPane; TriView; ViewerBytecode; TriViewNavigationStack; ClassSearch; JITWatchUI; ClassTree; TimeLineStage; StatsStage; HistoStage; CodeCacheStage; CodeCacheLayoutStage; CompilerThreadStage; ReportStage; ReportPackageFilter; SandboxStage; NothingMountedStage; TextViewerStage; CompileChainStage; JournalViewerStage
jitwatch,org.adoptopenjdk.jitwatch.ui.report,ReportStageType,Unnecessary Abstraction,The tool detected the smell in this class because the class contains only a few data members without any method implementation, that indicates that the abstraction might not be required. Following fields are declared in this class: 
jitwatch,org.adoptopenjdk.jitwatch.ui.report.cell,IntegerTableCell,Unutilized Abstraction,The tool detected the smell in this class because this class is potentially unused. (Please ignore the smell if the reported class is auto-generated and/or used to serve a specific known purpose.)
jitwatch,org.adoptopenjdk.jitwatch.ui.report.cell,TextTableCell,Unutilized Abstraction,The tool detected the smell in this class because this class is potentially unused. (Please ignore the smell if the reported class is auto-generated and/or used to serve a specific known purpose.)
jitwatch,org.adoptopenjdk.jitwatch.ui.report.cell,TextWrapTableCell,Unutilized Abstraction,The tool detected the smell in this class because this class is potentially unused. (Please ignore the smell if the reported class is auto-generated and/or used to serve a specific known purpose.)
jitwatch,org.adoptopenjdk.jitwatch.ui.report.eliminatedallocation,EliminatedAllocationRowBean,Unutilized Abstraction,The tool detected the smell in this class because this class is potentially unused. (Please ignore the smell if the reported class is auto-generated and/or used to serve a specific known purpose.)
jitwatch,org.adoptopenjdk.jitwatch.ui.report.inlining,InliningRowBean,Unutilized Abstraction,The tool detected the smell in this class because this class is potentially unused. (Please ignore the smell if the reported class is auto-generated and/or used to serve a specific known purpose.)
jitwatch,org.adoptopenjdk.jitwatch.ui.report.locks,OptimisedLockRowBean,Unutilized Abstraction,The tool detected the smell in this class because this class is potentially unused. (Please ignore the smell if the reported class is auto-generated and/or used to serve a specific known purpose.)
jitwatch,org.adoptopenjdk.jitwatch.ui.report.suggestion,SuggestionRowBean,Unutilized Abstraction,The tool detected the smell in this class because this class is potentially unused. (Please ignore the smell if the reported class is auto-generated and/or used to serve a specific known purpose.)
jitwatch,org.adoptopenjdk.jitwatch.ui.sandbox,EditorPane,Cyclically-dependent Modularization,The tool detected the smell in this class because this class participates in a cyclic dependency. The participating classes in the cycle are: EditorPane; ISandboxStage; Sandbox
jitwatch,org.adoptopenjdk.jitwatch.ui.sandbox,SandboxConfigStage,Insufficient Modularization,The tool detected the smell in this class because the class contains large number of methods. Total methods in the class: 33 methods
jitwatch,org.adoptopenjdk.jitwatch.ui.sandbox,SandboxStage,Feature Envy,The tool detected a instance of this smell because checkHsdis is more interested in members of the type: JITWatchConfig
jitwatch,org.adoptopenjdk.jitwatch.ui.sandbox,SandboxStage,Cyclically-dependent Modularization,The tool detected the smell in this class because this class participates in a cyclic dependency. The participating classes in the cycle are: TriViewPane; TriView; ViewerBytecode; TriViewNavigationStack; ClassSearch; JITWatchUI; ClassTree; TimeLineStage; StatsStage; HistoStage; CodeCacheStage; CodeCacheLayoutStage; CompilerThreadStage; ReportStage; ReportPackageFilter; SandboxStage; NothingMountedStage; TextViewerStage; CompileChainStage; JournalViewerStage
jitwatch,org.adoptopenjdk.jitwatch.ui.sandbox,SandboxStage,Insufficient Modularization,The tool detected the smell in this class becuase the class has bloated interface (large number of public methods). Total public methods in the class: 32 public methods
jitwatch,org.adoptopenjdk.jitwatch.ui.stats,StatsStage,Cyclically-dependent Modularization,The tool detected the smell in this class because this class participates in a cyclic dependency. The participating classes in the cycle are: TriViewPane; TriView; ViewerBytecode; TriViewNavigationStack; ClassSearch; JITWatchUI; ClassTree; TimeLineStage; StatsStage; HistoStage; CodeCacheStage; CodeCacheLayoutStage; CompilerThreadStage; ReportStage; ReportPackageFilter; SandboxStage; NothingMountedStage; TextViewerStage; CompileChainStage; JournalViewerStage
jitwatch,org.adoptopenjdk.jitwatch.ui.triview.bytecode,ViewerBytecode,Cyclically-dependent Modularization,The tool detected the smell in this class because this class participates in a cyclic dependency. The participating classes in the cycle are: TriViewPane; TriView; ViewerBytecode; TriViewNavigationStack; ClassSearch; JITWatchUI; ClassTree; TimeLineStage; StatsStage; HistoStage; CodeCacheStage; CodeCacheLayoutStage; CompilerThreadStage; ReportStage; ReportPackageFilter; SandboxStage; NothingMountedStage; TextViewerStage; CompileChainStage; JournalViewerStage
jitwatch,org.adoptopenjdk.jitwatch.ui.triview,ClassSearch,Cyclically-dependent Modularization,The tool detected the smell in this class because this class participates in a cyclic dependency. The participating classes in the cycle are: TriViewPane; TriView; ViewerBytecode; TriViewNavigationStack; ClassSearch; JITWatchUI; ClassTree; TimeLineStage; StatsStage; HistoStage; CodeCacheStage; CodeCacheLayoutStage; CompilerThreadStage; ReportStage; ReportPackageFilter; SandboxStage; NothingMountedStage; TextViewerStage; CompileChainStage; JournalViewerStage
jitwatch,org.adoptopenjdk.jitwatch.ui.triview,ILineListener.LineType,Unnecessary Abstraction,The tool detected the smell in this class because the class contains only a few data members without any method implementation, that indicates that the abstraction might not be required. Following fields are declared in this class: 
jitwatch,org.adoptopenjdk.jitwatch.ui.triview,ILineListener.LineType,Unutilized Abstraction,The tool detected the smell in this class because this class is potentially unused. (Please ignore the smell if the reported class is auto-generated and/or used to serve a specific known purpose.)
jitwatch,org.adoptopenjdk.jitwatch.ui.triview,TriView,Feature Envy,The tool detected a instance of this smell because updateStatusBarIfCompiled is more interested in members of the type: IMetaMember
jitwatch,org.adoptopenjdk.jitwatch.ui.triview,TriView,Rebellious Hierarchy,The tool detected the smell in this class because method(s) of this class reject the methods provided by its supertypes. The method(s) that reject the suptertype's method are: handleFocusNext
jitwatch,org.adoptopenjdk.jitwatch.ui.triview,TriView,Insufficient Modularization,The tool detected the smell in this class becuase the class has bloated interface (large number of public methods). Total public methods in the class: 28 public methods
jitwatch,org.adoptopenjdk.jitwatch.ui.triview,Viewer,Deficient Encapsulation,The tool detected the smell in this class because the class exposes fields belonging to it with public accessibility. Following fields are declared with public accessiblity: scrollPane; vBoxRows; COLOUR_BLACK; COLOUR_RED; COLOUR_GREEN; COLOUR_BLUE; scrollIndex; lastScrollIndex; originalSource; lastKnownGoodLineHeight; FONT_STYLE; STYLE_UNHIGHLIGHTED; STYLE_HIGHLIGHTED; STYLE_UNHIGHLIGHTED_SUGGESTION; STYLE_SAFEPOINT; STYLE_HIGHLIGHTED_RANGE; lineAnnotations; logger; stageAccessProxy; lineListener; lineType; isHighlighting; rangeStart; rangeEnd
jitwatch,org.adoptopenjdk.jitwatch.ui.triview,Viewer,Insufficient Modularization,The tool detected the smell in this class becuase the class has bloated interface (large number of public methods). Total public methods in the class: 27 public methods
jitwatch,org.adoptopenjdk.jitwatch.ui.viewer,JournalViewerStage,Broken Hierarchy,The tool detected a potential instance of the smell because this type does not implement or override any method from it's supertype(s): AbstractTextViewerStage
jitwatch,org.adoptopenjdk.jitwatch.ui.viewer,JournalViewerStage,Cyclically-dependent Modularization,The tool detected the smell in this class because this class participates in a cyclic dependency. The participating classes in the cycle are: TriViewPane; TriView; ViewerBytecode; TriViewNavigationStack; ClassSearch; JITWatchUI; ClassTree; TimeLineStage; StatsStage; HistoStage; CodeCacheStage; CodeCacheLayoutStage; CompilerThreadStage; ReportStage; ReportPackageFilter; SandboxStage; NothingMountedStage; TextViewerStage; CompileChainStage; JournalViewerStage
jitwatch,org.adoptopenjdk.jitwatch.ui.viewer,TextViewerStage,Broken Hierarchy,The tool detected a potential instance of the smell because this type does not implement or override any method from it's supertype(s): AbstractTextViewerStage
