Project Name,Package Name,Type Name,NOF,NOPF,NOM,NOPM,LOC,WMC,NC,DIT,LCOM,FANIN,FANOUT,File path,Line no
jitwatch,org.adoptopenjdk.jitwatch.chain,CompileChainWalker,4,0,5,3,0,18,0,0,0.0,2,7,C:\Users\patel\Desktop\Assignment 3\jitwatch\core\src\main\java\org\adoptopenjdk\jitwatch\chain\CompileChainWalker.java,49
jitwatch,org.adoptopenjdk.jitwatch.chain,CompileNode,9,0,19,17,111,28,0,0,0.15789473684210525,3,5,C:\Users\patel\Desktop\Assignment 3\jitwatch\core\src\main\java\org\adoptopenjdk\jitwatch\chain\CompileNode.java,19
jitwatch,org.adoptopenjdk.jitwatch.compilation,AbstractCompilationVisitable,1,0,1,0,8,2,1,1,0.0,0,2,C:\Users\patel\Desktop\Assignment 3\jitwatch\core\src\main\java\org\adoptopenjdk\jitwatch\compilation\AbstractCompilationVisitable.java,13
jitwatch,org.adoptopenjdk.jitwatch.compilation,AbstractCompilationWalker,1,0,3,3,11,3,0,2,0.6666666666666666,0,4,C:\Users\patel\Desktop\Assignment 3\jitwatch\core\src\main\java\org\adoptopenjdk\jitwatch\compilation\AbstractCompilationWalker.java,15
jitwatch,org.adoptopenjdk.jitwatch.compilation,CompilationUtil,2,0,12,10,224,54,0,0,0.3333333333333333,14,8,C:\Users\patel\Desktop\Assignment 3\jitwatch\core\src\main\java\org\adoptopenjdk\jitwatch\compilation\CompilationUtil.java,44
jitwatch,org.adoptopenjdk.jitwatch.compilation,ICompilationVisitable,0,0,1,0,3,1,1,0,-1.0,1,2,C:\Users\patel\Desktop\Assignment 3\jitwatch\core\src\main\java\org\adoptopenjdk\jitwatch\compilation\ICompilationVisitable.java,12
jitwatch,org.adoptopenjdk.jitwatch.compilation.codecache,CodeCacheEventWalker,2,0,4,4,44,9,0,0,0.5,1,4,C:\Users\patel\Desktop\Assignment 3\jitwatch\core\src\main\java\org\adoptopenjdk\jitwatch\compilation\codecache\CodeCacheEventWalker.java,17
jitwatch,org.adoptopenjdk.jitwatch.compilation.codecache,CodeCacheWalkerResult,3,0,8,8,44,9,0,0,0.25,3,1,C:\Users\patel\Desktop\Assignment 3\jitwatch\core\src\main\java\org\adoptopenjdk\jitwatch\compilation\codecache\CodeCacheWalkerResult.java,15
jitwatch,org.adoptopenjdk.jitwatch.core,ErrorLog,1,0,3,3,28,6,0,0,0.0,1,0,C:\Users\patel\Desktop\Assignment 3\jitwatch\core\src\main\java\org\adoptopenjdk\jitwatch\core\ErrorLog.java,16
jitwatch,org.adoptopenjdk.jitwatch.core,IJITListener,0,0,3,0,5,3,0,0,-1.0,6,1,C:\Users\patel\Desktop\Assignment 3\jitwatch\core\src\main\java\org\adoptopenjdk\jitwatch\core\IJITListener.java,11
jitwatch,org.adoptopenjdk.jitwatch.core,JITWatchConfig,55,0,82,64,572,138,0,0,0.0,16,3,C:\Users\patel\Desktop\Assignment 3\jitwatch\core\src\main\java\org\adoptopenjdk\jitwatch\core\JITWatchConfig.java,33
jitwatch,org.adoptopenjdk.jitwatch.core,JITWatchConfig.TieredCompilation,0,0,0,0,1,0,0,0,-1.0,0,0,C:\Users\patel\Desktop\Assignment 3\jitwatch\core\src\main\java\org\adoptopenjdk\jitwatch\core\JITWatchConfig.java,35
jitwatch,org.adoptopenjdk.jitwatch.core,JITWatchConfig.CompressedOops,0,0,0,0,1,0,0,0,-1.0,0,0,C:\Users\patel\Desktop\Assignment 3\jitwatch\core\src\main\java\org\adoptopenjdk\jitwatch\core\JITWatchConfig.java,40
jitwatch,org.adoptopenjdk.jitwatch.core,JITWatchConfig.BackgroundCompilation,0,0,0,0,1,0,0,0,-1.0,0,0,C:\Users\patel\Desktop\Assignment 3\jitwatch\core\src\main\java\org\adoptopenjdk\jitwatch\core\JITWatchConfig.java,45
jitwatch,org.adoptopenjdk.jitwatch.core,JITWatchConfig.OnStackReplacement,0,0,0,0,1,0,0,0,-1.0,0,0,C:\Users\patel\Desktop\Assignment 3\jitwatch\core\src\main\java\org\adoptopenjdk\jitwatch\core\JITWatchConfig.java,50
jitwatch,org.adoptopenjdk.jitwatch.core,JITWatchConstants,283,282,2,1,296,2,0,0,1.0,12,0,C:\Users\patel\Desktop\Assignment 3\jitwatch\core\src\main\java\org\adoptopenjdk\jitwatch\core\JITWatchConstants.java,14
jitwatch,org.adoptopenjdk.jitwatch.core,TagProcessor,5,0,6,3,0,41,0,0,0.0,6,4,C:\Users\patel\Desktop\Assignment 3\jitwatch\core\src\main\java\org\adoptopenjdk\jitwatch\core\TagProcessor.java,27
jitwatch,org.adoptopenjdk.jitwatch.demo,MakeHotSpotLog,1,0,39,4,331,66,0,0,0.05128205128205128,1,0,C:\Users\patel\Desktop\Assignment 3\jitwatch\core\src\main\java\org\adoptopenjdk\jitwatch\demo\MakeHotSpotLog.java,29
jitwatch,org.adoptopenjdk.jitwatch.histo,AbstractHistoVisitable,3,0,4,4,18,4,4,1,0.75,0,5,C:\Users\patel\Desktop\Assignment 3\jitwatch\core\src\main\java\org\adoptopenjdk\jitwatch\histo\AbstractHistoVisitable.java,15
jitwatch,org.adoptopenjdk.jitwatch.histo,AttributeNameHistoWalker,2,0,2,2,22,4,0,2,0.0,0,2,C:\Users\patel\Desktop\Assignment 3\jitwatch\core\src\main\java\org\adoptopenjdk\jitwatch\histo\AttributeNameHistoWalker.java,11
jitwatch,org.adoptopenjdk.jitwatch.histo,CompileTimeHistoWalker,0,0,2,2,12,4,0,2,-1.0,0,2,C:\Users\patel\Desktop\Assignment 3\jitwatch\core\src\main\java\org\adoptopenjdk\jitwatch\histo\CompileTimeHistoWalker.java,12
jitwatch,org.adoptopenjdk.jitwatch.histo,Histo,5,0,9,9,77,15,0,0,0.3333333333333333,3,0,C:\Users\patel\Desktop\Assignment 3\jitwatch\core\src\main\java\org\adoptopenjdk\jitwatch\histo\Histo.java,16
jitwatch,org.adoptopenjdk.jitwatch.histo,IHistoVisitable,0,0,1,0,3,1,1,0,-1.0,1,1,C:\Users\patel\Desktop\Assignment 3\jitwatch\core\src\main\java\org\adoptopenjdk\jitwatch\histo\IHistoVisitable.java,10
jitwatch,org.adoptopenjdk.jitwatch.histo,InlineSizeHistoVisitable,2,0,5,4,0,17,0,2,0.4,0,5,C:\Users\patel\Desktop\Assignment 3\jitwatch\core\src\main\java\org\adoptopenjdk\jitwatch\histo\InlineSizeHistoVisitable.java,51
jitwatch,org.adoptopenjdk.jitwatch.histo,NativeSizeHistoWalker,0,0,2,2,13,4,0,2,-1.0,0,2,C:\Users\patel\Desktop\Assignment 3\jitwatch\core\src\main\java\org\adoptopenjdk\jitwatch\histo\NativeSizeHistoWalker.java,12
jitwatch,org.adoptopenjdk.jitwatch.hotthrow,HotThrowFinder,3,0,3,3,0,20,0,0,0.0,1,10,C:\Users\patel\Desktop\Assignment 3\jitwatch\core\src\main\java\org\adoptopenjdk\jitwatch\hotthrow\HotThrowFinder.java,56
jitwatch,org.adoptopenjdk.jitwatch.hotthrow,HotThrowResult,4,0,7,7,51,18,0,0,0.0,1,1,C:\Users\patel\Desktop\Assignment 3\jitwatch\core\src\main\java\org\adoptopenjdk\jitwatch\hotthrow\HotThrowResult.java,10
jitwatch,org.adoptopenjdk.jitwatch.inline,HeadlessInlineVisitor,10,0,4,4,0,9,0,0,0.5,1,3,C:\Users\patel\Desktop\Assignment 3\jitwatch\core\src\main\java\org\adoptopenjdk\jitwatch\inline\HeadlessInlineVisitor.java,41
jitwatch,org.adoptopenjdk.jitwatch.inline,HeadlessInlineVisitor.InlineJournalVisitor,3,0,0,0,0,0,0,0,-1.0,0,1,C:\Users\patel\Desktop\Assignment 3\jitwatch\core\src\main\java\org\adoptopenjdk\jitwatch\inline\HeadlessInlineVisitor.java,101
jitwatch,org.adoptopenjdk.jitwatch.inline,HeadlessInlineVisitor.InlineFailureInfo,4,0,0,0,32,0,0,0,-1.0,0,0,C:\Users\patel\Desktop\Assignment 3\jitwatch\core\src\main\java\org\adoptopenjdk\jitwatch\inline\HeadlessInlineVisitor.java,215
jitwatch,org.adoptopenjdk.jitwatch.intrinsic,IntrinsicFinder,2,0,3,3,0,14,0,0,0.6666666666666666,3,4,C:\Users\patel\Desktop\Assignment 3\jitwatch\core\src\main\java\org\adoptopenjdk\jitwatch\intrinsic\IntrinsicFinder.java,51
jitwatch,org.adoptopenjdk.jitwatch.jarscan.allocationcount,AllocationCountOperation,2,0,4,3,0,9,0,0,0.0,0,3,C:\Users\patel\Desktop\Assignment 3\jitwatch\core\src\main\java\org\adoptopenjdk\jitwatch\jarscan\allocationcount\AllocationCountOperation.java,21
jitwatch,org.adoptopenjdk.jitwatch.jarscan.allocationcount,AllocCountMap,1,0,3,3,37,6,0,0,0.6666666666666666,1,1,C:\Users\patel\Desktop\Assignment 3\jitwatch\core\src\main\java\org\adoptopenjdk\jitwatch\jarscan\allocationcount\AllocCountMap.java,21
jitwatch,org.adoptopenjdk.jitwatch.jarscan.allocationcount,InstructionAllocCountMap,1,0,2,2,20,4,0,0,0.0,1,2,C:\Users\patel\Desktop\Assignment 3\jitwatch\core\src\main\java\org\adoptopenjdk\jitwatch\jarscan\allocationcount\InstructionAllocCountMap.java,13
jitwatch,org.adoptopenjdk.jitwatch.jarscan.freqinlinesize,FreqInlineSizeOperation,2,0,4,4,57,9,0,0,0.5,0,4,C:\Users\patel\Desktop\Assignment 3\jitwatch\core\src\main\java\org\adoptopenjdk\jitwatch\jarscan\freqinlinesize\FreqInlineSizeOperation.java,26
jitwatch,org.adoptopenjdk.jitwatch.jarscan,IJarScanOperation,0,0,2,0,4,2,0,0,-1.0,1,1,C:\Users\patel\Desktop\Assignment 3\jitwatch\core\src\main\java\org\adoptopenjdk\jitwatch\jarscan\IJarScanOperation.java,10
jitwatch,org.adoptopenjdk.jitwatch.jarscan,JarScan,12,0,14,8,312,60,0,0,0.0,0,3,C:\Users\patel\Desktop\Assignment 3\jitwatch\core\src\main\java\org\adoptopenjdk\jitwatch\jarscan\JarScan.java,39
jitwatch,org.adoptopenjdk.jitwatch.jarscan.instructioncount,InstructionCountOperation,2,0,5,4,48,9,0,0,0.4,0,2,C:\Users\patel\Desktop\Assignment 3\jitwatch\core\src\main\java\org\adoptopenjdk\jitwatch\jarscan\instructioncount\InstructionCountOperation.java,22
jitwatch,org.adoptopenjdk.jitwatch.jarscan.invokecount,InvokeCountOperation,2,0,4,3,0,10,0,0,0.0,0,5,C:\Users\patel\Desktop\Assignment 3\jitwatch\core\src\main\java\org\adoptopenjdk\jitwatch\jarscan\invokecount\InvokeCountOperation.java,15
jitwatch,org.adoptopenjdk.jitwatch.jarscan.invokecount,InvokeMethodCountMap,1,0,2,2,20,4,0,0,0.0,1,2,C:\Users\patel\Desktop\Assignment 3\jitwatch\core\src\main\java\org\adoptopenjdk\jitwatch\jarscan\invokecount\InvokeMethodCountMap.java,13
jitwatch,org.adoptopenjdk.jitwatch.jarscan.invokecount,MethodCountMap,1,0,3,3,36,6,0,0,0.6666666666666666,1,1,C:\Users\patel\Desktop\Assignment 3\jitwatch\core\src\main\java\org\adoptopenjdk\jitwatch\jarscan\invokecount\MethodCountMap.java,21
jitwatch,org.adoptopenjdk.jitwatch.jarscan.methodlength,MethodLengthOperation,2,0,4,4,57,9,0,0,0.5,0,4,C:\Users\patel\Desktop\Assignment 3\jitwatch\core\src\main\java\org\adoptopenjdk\jitwatch\jarscan\methodlength\MethodLengthOperation.java,26
jitwatch,org.adoptopenjdk.jitwatch.jarscan.methodsizehisto,MethodSizeHistoOperation,1,0,4,4,41,8,0,0,0.75,0,3,C:\Users\patel\Desktop\Assignment 3\jitwatch\core\src\main\java\org\adoptopenjdk\jitwatch\jarscan\methodsizehisto\MethodSizeHistoOperation.java,24
jitwatch,org.adoptopenjdk.jitwatch.jarscan.nextinstruction,NextInstructionCount,2,0,3,3,14,3,0,0,0.0,1,1,C:\Users\patel\Desktop\Assignment 3\jitwatch\core\src\main\java\org\adoptopenjdk\jitwatch\jarscan\nextinstruction\NextInstructionCount.java,10
jitwatch,org.adoptopenjdk.jitwatch.jarscan.nextinstruction,NextInstructionCountList,1,0,3,3,15,3,0,0,0.6666666666666666,1,1,C:\Users\patel\Desktop\Assignment 3\jitwatch\core\src\main\java\org\adoptopenjdk\jitwatch\jarscan\nextinstruction\NextInstructionCountList.java,13
jitwatch,org.adoptopenjdk.jitwatch.jarscan.nextinstruction,NextInstructionOperation,2,0,5,4,55,12,0,0,0.4,0,3,C:\Users\patel\Desktop\Assignment 3\jitwatch\core\src\main\java\org\adoptopenjdk\jitwatch\jarscan\nextinstruction\NextInstructionOperation.java,22
jitwatch,org.adoptopenjdk.jitwatch.jarscan.sequencecount,InstructionSequence,1,0,6,6,26,7,0,0,0.0,3,0,C:\Users\patel\Desktop\Assignment 3\jitwatch\core\src\main\java\org\adoptopenjdk\jitwatch\jarscan\sequencecount\InstructionSequence.java,14
jitwatch,org.adoptopenjdk.jitwatch.jarscan.sequencecount,SequenceCountOperation,3,0,10,7,0,34,0,0,0.2,1,4,C:\Users\patel\Desktop\Assignment 3\jitwatch\core\src\main\java\org\adoptopenjdk\jitwatch\jarscan\sequencecount\SequenceCountOperation.java,27
jitwatch,org.adoptopenjdk.jitwatch.jarscan.sequencesearch,FoundSequence,2,0,6,6,48,13,0,0,0.0,1,1,C:\Users\patel\Desktop\Assignment 3\jitwatch\core\src\main\java\org\adoptopenjdk\jitwatch\jarscan\sequencesearch\FoundSequence.java,10
jitwatch,org.adoptopenjdk.jitwatch.jarscan.sequencesearch,SequenceSearchOperation,3,0,8,5,0,35,0,0,0.25,0,4,C:\Users\patel\Desktop\Assignment 3\jitwatch\core\src\main\java\org\adoptopenjdk\jitwatch\jarscan\sequencesearch\SequenceSearchOperation.java,26
jitwatch,org.adoptopenjdk.jitwatch.jvmlang,LanguageManager,2,0,8,8,0,43,0,0,0.5,4,4,C:\Users\patel\Desktop\Assignment 3\jitwatch\core\src\main\java\org\adoptopenjdk\jitwatch\jvmlang\LanguageManager.java,39
jitwatch,org.adoptopenjdk.jitwatch.launch,LaunchHeadless,11,0,10,8,159,30,0,0,0.4,0,11,C:\Users\patel\Desktop\Assignment 3\jitwatch\core\src\main\java\org\adoptopenjdk\jitwatch\launch\LaunchHeadless.java,36
jitwatch,org.adoptopenjdk.jitwatch.launch,LaunchUI,0,0,2,1,7,2,0,0,-1.0,0,0,C:\Users\patel\Desktop\Assignment 3\jitwatch\ui\src\main\java\org\adoptopenjdk\jitwatch\launch\LaunchUI.java,10
jitwatch,org.adoptopenjdk.jitwatch.loader,BytecodeLoader,3,0,25,6,538,117,0,0,0.12,5,14,C:\Users\patel\Desktop\Assignment 3\jitwatch\core\src\main\java\org\adoptopenjdk\jitwatch\loader\BytecodeLoader.java,71
jitwatch,org.adoptopenjdk.jitwatch.loader,BytecodeLoader.BytecodeSection,0,0,0,0,1,0,0,0,-1.0,0,0,C:\Users\patel\Desktop\Assignment 3\jitwatch\core\src\main\java\org\adoptopenjdk\jitwatch\loader\BytecodeLoader.java,78
jitwatch,org.adoptopenjdk.jitwatch.loader,DisposableURLClassLoader,1,0,2,2,10,2,0,0,0.0,2,0,C:\Users\patel\Desktop\Assignment 3\jitwatch\core\src\main\java\org\adoptopenjdk\jitwatch\loader\DisposableURLClassLoader.java,14
jitwatch,org.adoptopenjdk.jitwatch.loader,ResourceLoader,1,0,7,6,107,23,0,0,0.2857142857142857,4,2,C:\Users\patel\Desktop\Assignment 3\jitwatch\core\src\main\java\org\adoptopenjdk\jitwatch\loader\ResourceLoader.java,32
jitwatch,org.adoptopenjdk.jitwatch.logger,ILogListener,0,0,2,0,4,2,2,0,-1.0,18,0,C:\Users\patel\Desktop\Assignment 3\jitwatch\core\src\main\java\org\adoptopenjdk\jitwatch\logger\ILogListener.java,8
jitwatch,org.adoptopenjdk.jitwatch.logger,NullLogListener,0,0,2,2,6,2,0,1,-1.0,0,0,C:\Users\patel\Desktop\Assignment 3\jitwatch\core\src\main\java\org\adoptopenjdk\jitwatch\logger\NullLogListener.java,8
jitwatch,org.adoptopenjdk.jitwatch.logger,StdLogListener,0,0,2,2,8,2,0,1,-1.0,0,0,C:\Users\patel\Desktop\Assignment 3\jitwatch\core\src\main\java\org\adoptopenjdk\jitwatch\logger\StdLogListener.java,8
jitwatch,org.adoptopenjdk.jitwatch.model,AbstractMetaMember,11,0,38,33,311,80,2,1,0.05263157894736842,0,9,C:\Users\patel\Desktop\Assignment 3\jitwatch\core\src\main\java\org\adoptopenjdk\jitwatch\model\AbstractMetaMember.java,43
jitwatch,org.adoptopenjdk.jitwatch.model,AnnotationException,3,0,4,4,29,5,0,0,0.0,0,1,C:\Users\patel\Desktop\Assignment 3\jitwatch\core\src\main\java\org\adoptopenjdk\jitwatch\model\AnnotationException.java,12
jitwatch,org.adoptopenjdk.jitwatch.model,BCIOpcodeMap,1,0,0,0,3,0,0,0,-1.0,3,0,C:\Users\patel\Desktop\Assignment 3\jitwatch\core\src\main\java\org\adoptopenjdk\jitwatch\model\BCIOpcodeMap.java,12
jitwatch,org.adoptopenjdk.jitwatch.model,CodeCacheEvent,7,0,10,10,45,10,0,0,0.3,7,1,C:\Users\patel\Desktop\Assignment 3\jitwatch\core\src\main\java\org\adoptopenjdk\jitwatch\model\CodeCacheEvent.java,8
jitwatch,org.adoptopenjdk.jitwatch.model,CodeCacheEvent.CodeCacheEventType,0,0,0,0,1,0,0,0,-1.0,0,0,C:\Users\patel\Desktop\Assignment 3\jitwatch\core\src\main\java\org\adoptopenjdk\jitwatch\model\CodeCacheEvent.java,10
jitwatch,org.adoptopenjdk.jitwatch.model,Compilation,18,0,39,39,280,71,0,0,0.10256410256410256,29,6,C:\Users\patel\Desktop\Assignment 3\jitwatch\core\src\main\java\org\adoptopenjdk\jitwatch\model\Compilation.java,28
jitwatch,org.adoptopenjdk.jitwatch.model,CompilerName,0,0,0,0,1,0,0,0,-1.0,0,0,C:\Users\patel\Desktop\Assignment 3\jitwatch\core\src\main\java\org\adoptopenjdk\jitwatch\model\CompilerName.java,8
jitwatch,org.adoptopenjdk.jitwatch.model,CompilerThread,3,0,10,10,78,22,0,0,0.0,5,1,C:\Users\patel\Desktop\Assignment 3\jitwatch\core\src\main\java\org\adoptopenjdk\jitwatch\model\CompilerThread.java,12
jitwatch,org.adoptopenjdk.jitwatch.model,EliminatedAllocation,2,0,5,5,20,5,0,0,0.0,0,0,C:\Users\patel\Desktop\Assignment 3\jitwatch\core\src\main\java\org\adoptopenjdk\jitwatch\model\EliminatedAllocation.java,8
jitwatch,org.adoptopenjdk.jitwatch.model,EventType,1,0,0,0,8,0,0,0,-1.0,2,0,C:\Users\patel\Desktop\Assignment 3\jitwatch\core\src\main\java\org\adoptopenjdk\jitwatch\model\EventType.java,8
jitwatch,org.adoptopenjdk.jitwatch.model,IMetaMember,0,0,29,0,31,29,1,0,-1.0,67,4,C:\Users\patel\Desktop\Assignment 3\jitwatch\core\src\main\java\org\adoptopenjdk\jitwatch\model\IMetaMember.java,15
jitwatch,org.adoptopenjdk.jitwatch.model,IParseDictionary,0,0,9,0,11,9,1,0,-1.0,19,3,C:\Users\patel\Desktop\Assignment 3\jitwatch\core\src\main\java\org\adoptopenjdk\jitwatch\model\IParseDictionary.java,10
jitwatch,org.adoptopenjdk.jitwatch.model,IReadOnlyJITDataModel,0,0,12,0,14,12,1,0,-1.0,39,7,C:\Users\patel\Desktop\Assignment 3\jitwatch\core\src\main\java\org\adoptopenjdk\jitwatch\model\IReadOnlyJITDataModel.java,10
jitwatch,org.adoptopenjdk.jitwatch.model,JITDataModel,9,0,22,22,228,50,0,1,0.22727272727272727,7,15,C:\Users\patel\Desktop\Assignment 3\jitwatch\core\src\main\java\org\adoptopenjdk\jitwatch\model\JITDataModel.java,38
jitwatch,org.adoptopenjdk.jitwatch.model,JITEvent,3,0,5,5,26,5,0,0,0.0,7,3,C:\Users\patel\Desktop\Assignment 3\jitwatch\core\src\main\java\org\adoptopenjdk\jitwatch\model\JITEvent.java,13
jitwatch,org.adoptopenjdk.jitwatch.model,JITStats,19,0,43,43,168,43,0,0,0.0,4,0,C:\Users\patel\Desktop\Assignment 3\jitwatch\core\src\main\java\org\adoptopenjdk\jitwatch\model\JITStats.java,8
jitwatch,org.adoptopenjdk.jitwatch.model,LogParseException,1,0,2,2,9,2,0,0,1.0,1,0,C:\Users\patel\Desktop\Assignment 3\jitwatch\core\src\main\java\org\adoptopenjdk\jitwatch\model\LogParseException.java,8
jitwatch,org.adoptopenjdk.jitwatch.model,MemberSignatureParts,11,0,29,21,462,109,0,0,0.0,24,4,C:\Users\patel\Desktop\Assignment 3\jitwatch\core\src\main\java\org\adoptopenjdk\jitwatch\model\MemberSignatureParts.java,48
jitwatch,org.adoptopenjdk.jitwatch.model,MetaClass,9,0,26,25,165,43,0,0,0.11538461538461539,21,6,C:\Users\patel\Desktop\Assignment 3\jitwatch\core\src\main\java\org\adoptopenjdk\jitwatch\model\MetaClass.java,28
jitwatch,org.adoptopenjdk.jitwatch.model,MetaConstructor,1,0,2,2,23,4,0,2,0.0,2,3,C:\Users\patel\Desktop\Assignment 3\jitwatch\core\src\main\java\org\adoptopenjdk\jitwatch\model\MetaConstructor.java,16
jitwatch,org.adoptopenjdk.jitwatch.model,MetaMethod,1,0,4,4,30,6,0,2,0.75,2,1,C:\Users\patel\Desktop\Assignment 3\jitwatch\core\src\main\java\org\adoptopenjdk\jitwatch\model\MetaMethod.java,15
jitwatch,org.adoptopenjdk.jitwatch.model,MetaPackage,5,0,16,16,89,23,0,0,0.125,10,1,C:\Users\patel\Desktop\Assignment 3\jitwatch\core\src\main\java\org\adoptopenjdk\jitwatch\model\MetaPackage.java,15
jitwatch,org.adoptopenjdk.jitwatch.model,NumberedLine,2,0,5,5,20,5,0,0,0.0,4,0,C:\Users\patel\Desktop\Assignment 3\jitwatch\core\src\main\java\org\adoptopenjdk\jitwatch\model\NumberedLine.java,8
jitwatch,org.adoptopenjdk.jitwatch.model,PackageManager,4,0,8,7,72,16,0,0,0.0,7,2,C:\Users\patel\Desktop\Assignment 3\jitwatch\core\src\main\java\org\adoptopenjdk\jitwatch\model\PackageManager.java,21
jitwatch,org.adoptopenjdk.jitwatch.model,ParsedClasspath,1,0,3,3,14,3,0,0,0.0,1,0,C:\Users\patel\Desktop\Assignment 3\jitwatch\core\src\main\java\org\adoptopenjdk\jitwatch\model\ParsedClasspath.java,14
jitwatch,org.adoptopenjdk.jitwatch.model,ParseDictionary,5,0,11,11,58,15,0,1,0.2727272727272727,1,3,C:\Users\patel\Desktop\Assignment 3\jitwatch\core\src\main\java\org\adoptopenjdk\jitwatch\model\ParseDictionary.java,15
jitwatch,org.adoptopenjdk.jitwatch.model,SplitLog,4,0,9,9,36,9,0,0,0.0,2,1,C:\Users\patel\Desktop\Assignment 3\jitwatch\core\src\main\java\org\adoptopenjdk\jitwatch\model\SplitLog.java,12
jitwatch,org.adoptopenjdk.jitwatch.model,Tag,8,0,21,20,177,46,1,0,0.09523809523809523,40,1,C:\Users\patel\Desktop\Assignment 3\jitwatch\core\src\main\java\org\adoptopenjdk\jitwatch\model\Tag.java,23
jitwatch,org.adoptopenjdk.jitwatch.model,Task,2,0,7,7,65,13,0,1,0.0,9,6,C:\Users\patel\Desktop\Assignment 3\jitwatch\core\src\main\java\org\adoptopenjdk\jitwatch\model\Task.java,26
jitwatch,org.adoptopenjdk.jitwatch.model.assembly,AbstractAssemblyParser,2,0,4,4,118,29,0,1,0.5,0,5,C:\Users\patel\Desktop\Assignment 3\jitwatch\core\src\main\java\org\adoptopenjdk\jitwatch\model\assembly\AbstractAssemblyParser.java,22
jitwatch,org.adoptopenjdk.jitwatch.model.assembly,Architecture,5,0,0,0,23,0,0,0,-1.0,9,0,C:\Users\patel\Desktop\Assignment 3\jitwatch\core\src\main\java\org\adoptopenjdk\jitwatch\model\assembly\Architecture.java,12
jitwatch,org.adoptopenjdk.jitwatch.model.assembly,AssemblyBlock,2,0,8,8,35,10,0,0,0.25,4,2,C:\Users\patel\Desktop\Assignment 3\jitwatch\core\src\main\java\org\adoptopenjdk\jitwatch\model\assembly\AssemblyBlock.java,16
jitwatch,org.adoptopenjdk.jitwatch.model.assembly,AssemblyInstruction,8,0,15,15,178,41,0,0,0.0,11,2,C:\Users\patel\Desktop\Assignment 3\jitwatch\core\src\main\java\org\adoptopenjdk\jitwatch\model\assembly\AssemblyInstruction.java,23
jitwatch,org.adoptopenjdk.jitwatch.model.assembly,AssemblyLabels,4,0,5,4,67,13,0,0,0.0,6,3,C:\Users\patel\Desktop\Assignment 3\jitwatch\core\src\main\java\org\adoptopenjdk\jitwatch\model\assembly\AssemblyLabels.java,21
jitwatch,org.adoptopenjdk.jitwatch.model.assembly,AssemblyMethod,7,0,14,14,73,20,0,0,0.35714285714285715,10,3,C:\Users\patel\Desktop\Assignment 3\jitwatch\core\src\main\java\org\adoptopenjdk\jitwatch\model\assembly\AssemblyMethod.java,17
jitwatch,org.adoptopenjdk.jitwatch.model.assembly,AssemblyProcessor,10,0,7,6,183,45,0,0,0.2857142857142857,2,9,C:\Users\patel\Desktop\Assignment 3\jitwatch\core\src\main\java\org\adoptopenjdk\jitwatch\model\assembly\AssemblyProcessor.java,30
jitwatch,org.adoptopenjdk.jitwatch.model.assembly,AssemblyReference,7,0,2,1,74,4,0,0,1.0,1,0,C:\Users\patel\Desktop\Assignment 3\jitwatch\core\src\main\java\org\adoptopenjdk\jitwatch\model\assembly\AssemblyReference.java,20
jitwatch,org.adoptopenjdk.jitwatch.model.assembly,AssemblyUtil,1,0,3,2,0,12,0,0,1.0,6,2,C:\Users\patel\Desktop\Assignment 3\jitwatch\core\src\main\java\org\adoptopenjdk\jitwatch\model\assembly\AssemblyUtil.java,15
jitwatch,org.adoptopenjdk.jitwatch.model.assembly,IAssemblyParser,0,0,8,0,10,8,1,0,-1.0,4,3,C:\Users\patel\Desktop\Assignment 3\jitwatch\core\src\main\java\org\adoptopenjdk\jitwatch\model\assembly\IAssemblyParser.java,8
jitwatch,org.adoptopenjdk.jitwatch.model.assembly.arm,AssemblyParserARM,5,0,7,7,130,31,0,0,0.7142857142857143,0,4,C:\Users\patel\Desktop\Assignment 3\jitwatch\core\src\main\java\org\adoptopenjdk\jitwatch\model\assembly\arm\AssemblyParserARM.java,30
jitwatch,org.adoptopenjdk.jitwatch.model.assembly.x86,AssemblyParserX86,5,0,7,7,158,37,0,0,0.5714285714285714,0,4,C:\Users\patel\Desktop\Assignment 3\jitwatch\core\src\main\java\org\adoptopenjdk\jitwatch\model\assembly\x86\AssemblyParserX86.java,33
jitwatch,org.adoptopenjdk.jitwatch.model.bytecode,BCAnnotationType,0,0,0,0,1,0,0,0,-1.0,10,0,C:\Users\patel\Desktop\Assignment 3\jitwatch\core\src\main\java\org\adoptopenjdk\jitwatch\model\bytecode\BCAnnotationType.java,8
jitwatch,org.adoptopenjdk.jitwatch.model.bytecode,BCParamConstant,1,0,3,3,13,3,0,1,0.0,0,0,C:\Users\patel\Desktop\Assignment 3\jitwatch\core\src\main\java\org\adoptopenjdk\jitwatch\model\bytecode\BCParamConstant.java,10
jitwatch,org.adoptopenjdk.jitwatch.model.bytecode,BCParamNumeric,1,0,3,3,12,3,0,1,0.0,1,0,C:\Users\patel\Desktop\Assignment 3\jitwatch\core\src\main\java\org\adoptopenjdk\jitwatch\model\bytecode\BCParamNumeric.java,8
jitwatch,org.adoptopenjdk.jitwatch.model.bytecode,BCParamString,1,0,3,3,12,3,0,1,0.0,0,0,C:\Users\patel\Desktop\Assignment 3\jitwatch\core\src\main\java\org\adoptopenjdk\jitwatch\model\bytecode\BCParamString.java,8
jitwatch,org.adoptopenjdk.jitwatch.model.bytecode,BCParamSwitch,1,0,6,6,35,8,0,1,0.3333333333333333,2,1,C:\Users\patel\Desktop\Assignment 3\jitwatch\core\src\main\java\org\adoptopenjdk\jitwatch\model\bytecode\BCParamSwitch.java,18
jitwatch,org.adoptopenjdk.jitwatch.model.bytecode,BytecodeAnnotationBuilder,9,0,27,9,0,97,0,0,0.0,3,20,C:\Users\patel\Desktop\Assignment 3\jitwatch\core\src\main\java\org\adoptopenjdk\jitwatch\model\bytecode\BytecodeAnnotationBuilder.java,80
jitwatch,org.adoptopenjdk.jitwatch.model.bytecode,BytecodeAnnotationList,2,0,7,7,45,13,0,0,0.0,7,1,C:\Users\patel\Desktop\Assignment 3\jitwatch\core\src\main\java\org\adoptopenjdk\jitwatch\model\bytecode\BytecodeAnnotationList.java,22
jitwatch,org.adoptopenjdk.jitwatch.model.bytecode,BytecodeAnnotations,1,0,4,4,20,5,0,0,0.0,8,3,C:\Users\patel\Desktop\Assignment 3\jitwatch\core\src\main\java\org\adoptopenjdk\jitwatch\model\bytecode\BytecodeAnnotations.java,14
jitwatch,org.adoptopenjdk.jitwatch.model.bytecode,BytecodeInstruction,6,0,19,17,181,47,0,0,0.0,19,4,C:\Users\patel\Desktop\Assignment 3\jitwatch\core\src\main\java\org\adoptopenjdk\jitwatch\model\bytecode\BytecodeInstruction.java,25
jitwatch,org.adoptopenjdk.jitwatch.model.bytecode,ClassBC,10,0,23,23,0,40,0,0,0.30434782608695654,10,5,C:\Users\patel\Desktop\Assignment 3\jitwatch\core\src\main\java\org\adoptopenjdk\jitwatch\model\bytecode\ClassBC.java,25
jitwatch,org.adoptopenjdk.jitwatch.model.bytecode,ConstantPool,0,0,0,0,2,0,0,0,-1.0,1,0,C:\Users\patel\Desktop\Assignment 3\jitwatch\core\src\main\java\org\adoptopenjdk\jitwatch\model\bytecode\ConstantPool.java,8
jitwatch,org.adoptopenjdk.jitwatch.model.bytecode,ExceptionTable,1,0,6,6,33,9,0,0,0.0,4,1,C:\Users\patel\Desktop\Assignment 3\jitwatch\core\src\main\java\org\adoptopenjdk\jitwatch\model\bytecode\ExceptionTable.java,14
jitwatch,org.adoptopenjdk.jitwatch.model.bytecode,ExceptionTableEntry,4,0,6,6,32,6,0,0,0.0,6,0,C:\Users\patel\Desktop\Assignment 3\jitwatch\core\src\main\java\org\adoptopenjdk\jitwatch\model\bytecode\ExceptionTableEntry.java,8
jitwatch,org.adoptopenjdk.jitwatch.model.bytecode,IBytecodeParam,0,0,1,0,3,1,4,0,-1.0,4,0,C:\Users\patel\Desktop\Assignment 3\jitwatch\core\src\main\java\org\adoptopenjdk\jitwatch\model\bytecode\IBytecodeParam.java,8
jitwatch,org.adoptopenjdk.jitwatch.model.bytecode,InnerClassRelationship,3,0,5,4,26,6,0,0,0.4,2,0,C:\Users\patel\Desktop\Assignment 3\jitwatch\core\src\main\java\org\adoptopenjdk\jitwatch\model\bytecode\InnerClassRelationship.java,14
jitwatch,org.adoptopenjdk.jitwatch.model.bytecode,LineAnnotation,3,0,8,8,51,18,0,0,0.0,7,1,C:\Users\patel\Desktop\Assignment 3\jitwatch\core\src\main\java\org\adoptopenjdk\jitwatch\model\bytecode\LineAnnotation.java,10
jitwatch,org.adoptopenjdk.jitwatch.model.bytecode,LineTable,3,0,17,16,151,37,0,0,0.17647058823529413,7,2,C:\Users\patel\Desktop\Assignment 3\jitwatch\core\src\main\java\org\adoptopenjdk\jitwatch\model\bytecode\LineTable.java,19
jitwatch,org.adoptopenjdk.jitwatch.model.bytecode,LineTableEntry,2,0,6,6,46,11,0,0,0.0,6,0,C:\Users\patel\Desktop\Assignment 3\jitwatch\core\src\main\java\org\adoptopenjdk\jitwatch\model\bytecode\LineTableEntry.java,11
jitwatch,org.adoptopenjdk.jitwatch.model.bytecode,MemberBytecode,8,0,14,14,112,30,0,0,0.14285714285714285,23,10,C:\Users\patel\Desktop\Assignment 3\jitwatch\core\src\main\java\org\adoptopenjdk\jitwatch\model\bytecode\MemberBytecode.java,18
jitwatch,org.adoptopenjdk.jitwatch.model.bytecode,Opcode,4,0,0,0,42,0,0,0,-1.0,26,0,C:\Users\patel\Desktop\Assignment 3\jitwatch\core\src\main\java\org\adoptopenjdk\jitwatch\model\bytecode\Opcode.java,11
jitwatch,org.adoptopenjdk.jitwatch.model.bytecode,SourceMapper,2,0,6,5,70,17,0,0,0.3333333333333333,4,3,C:\Users\patel\Desktop\Assignment 3\jitwatch\core\src\main\java\org\adoptopenjdk\jitwatch\model\bytecode\SourceMapper.java,20
jitwatch,org.adoptopenjdk.jitwatch.model.bytecode,UncommonTrap,4,0,7,7,52,9,0,0,0.2857142857142857,1,1,C:\Users\patel\Desktop\Assignment 3\jitwatch\core\src\main\java\org\adoptopenjdk\jitwatch\model\bytecode\UncommonTrap.java,17
jitwatch,org.adoptopenjdk.jitwatch.parser,AbstractLogParser,17,0,35,13,0,80,0,1,0.05714285714285714,0,17,C:\Users\patel\Desktop\Assignment 3\jitwatch\core\src\main\java\org\adoptopenjdk\jitwatch\parser\AbstractLogParser.java,63
jitwatch,org.adoptopenjdk.jitwatch.parser,ILogParseErrorListener,0,0,1,0,3,1,0,0,-1.0,2,0,C:\Users\patel\Desktop\Assignment 3\jitwatch\core\src\main\java\org\adoptopenjdk\jitwatch\parser\ILogParseErrorListener.java,8
jitwatch,org.adoptopenjdk.jitwatch.parser,ILogParser,0,0,12,0,16,12,1,0,-1.0,6,2,C:\Users\patel\Desktop\Assignment 3\jitwatch\core\src\main\java\org\adoptopenjdk\jitwatch\parser\ILogParser.java,18
jitwatch,org.adoptopenjdk.jitwatch.parser,ParserFactory,0,0,2,1,0,5,0,0,-1.0,2,3,C:\Users\patel\Desktop\Assignment 3\jitwatch\core\src\main\java\org\adoptopenjdk\jitwatch\parser\ParserFactory.java,13
jitwatch,org.adoptopenjdk.jitwatch.parser,ParserType,0,0,0,0,0,0,0,0,-1.0,5,0,C:\Users\patel\Desktop\Assignment 3\jitwatch\core\src\main\java\org\adoptopenjdk\jitwatch\parser\ParserType.java,3
jitwatch,org.adoptopenjdk.jitwatch.parser.hotspot,HotSpotLogParser,0,0,19,1,0,68,0,0,-1.0,0,7,C:\Users\patel\Desktop\Assignment 3\jitwatch\core\src\main\java\org\adoptopenjdk\jitwatch\parser\hotspot\HotSpotLogParser.java,64
jitwatch,org.adoptopenjdk.jitwatch.parser.j9,J9Line,9,3,19,19,143,22,0,0,0.0,3,5,C:\Users\patel\Desktop\Assignment 3\jitwatch\core\src\main\java\org\adoptopenjdk\jitwatch\parser\j9\J9Line.java,33
jitwatch,org.adoptopenjdk.jitwatch.parser.j9,J9LogParser,2,0,4,1,0,16,0,0,0.75,0,5,C:\Users\patel\Desktop\Assignment 3\jitwatch\core\src\main\java\org\adoptopenjdk\jitwatch\parser\j9\J9LogParser.java,23
jitwatch,org.adoptopenjdk.jitwatch.parser.j9,J9Util,0,0,2,2,36,7,0,0,-1.0,3,1,C:\Users\patel\Desktop\Assignment 3\jitwatch\core\src\main\java\org\adoptopenjdk\jitwatch\parser\j9\J9Util.java,11
jitwatch,org.adoptopenjdk.jitwatch.parser.zing,ZingLine,14,0,34,33,147,34,0,0,0.0,2,5,C:\Users\patel\Desktop\Assignment 3\jitwatch\core\src\main\java\org\adoptopenjdk\jitwatch\parser\zing\ZingLine.java,33
jitwatch,org.adoptopenjdk.jitwatch.parser.zing,ZingLineType,0,0,0,0,1,0,0,0,-1.0,2,0,C:\Users\patel\Desktop\Assignment 3\jitwatch\core\src\main\java\org\adoptopenjdk\jitwatch\parser\zing\ZingLineType.java,3
jitwatch,org.adoptopenjdk.jitwatch.parser.zing,ZingLogParser,7,0,12,5,0,43,0,0,0.3333333333333333,1,6,C:\Users\patel\Desktop\Assignment 3\jitwatch\core\src\main\java\org\adoptopenjdk\jitwatch\parser\zing\ZingLogParser.java,29
jitwatch,org.adoptopenjdk.jitwatch.process,AbstractProcess,3,0,9,6,95,19,0,1,0.3333333333333333,0,1,C:\Users\patel\Desktop\Assignment 3\jitwatch\core\src\main\java\org\adoptopenjdk\jitwatch\process\AbstractProcess.java,24
jitwatch,org.adoptopenjdk.jitwatch.process,IExternalProcess,0,0,2,0,4,2,1,0,-1.0,2,0,C:\Users\patel\Desktop\Assignment 3\jitwatch\core\src\main\java\org\adoptopenjdk\jitwatch\process\IExternalProcess.java,8
jitwatch,org.adoptopenjdk.jitwatch.process.compiler,CompilerGroovy,2,0,2,2,27,5,0,1,0.0,0,1,C:\Users\patel\Desktop\Assignment 3\jitwatch\core\src\main\java\org\adoptopenjdk\jitwatch\process\compiler\CompilerGroovy.java,21
jitwatch,org.adoptopenjdk.jitwatch.process.compiler,CompilerJava,2,0,2,2,30,6,0,1,0.0,2,1,C:\Users\patel\Desktop\Assignment 3\jitwatch\core\src\main\java\org\adoptopenjdk\jitwatch\process\compiler\CompilerJava.java,21
jitwatch,org.adoptopenjdk.jitwatch.process.compiler,CompilerJavaScript,2,0,2,2,27,5,0,1,0.0,0,1,C:\Users\patel\Desktop\Assignment 3\jitwatch\core\src\main\java\org\adoptopenjdk\jitwatch\process\compiler\CompilerJavaScript.java,21
jitwatch,org.adoptopenjdk.jitwatch.process.compiler,CompilerJRuby,2,0,2,2,27,5,0,1,0.0,0,1,C:\Users\patel\Desktop\Assignment 3\jitwatch\core\src\main\java\org\adoptopenjdk\jitwatch\process\compiler\CompilerJRuby.java,20
jitwatch,org.adoptopenjdk.jitwatch.process.compiler,CompilerKotlin,3,1,2,2,28,5,0,1,0.0,1,1,C:\Users\patel\Desktop\Assignment 3\jitwatch\core\src\main\java\org\adoptopenjdk\jitwatch\process\compiler\CompilerKotlin.java,21
jitwatch,org.adoptopenjdk.jitwatch.process.compiler,CompilerScala,3,0,4,3,47,10,0,1,0.5,0,1,C:\Users\patel\Desktop\Assignment 3\jitwatch\core\src\main\java\org\adoptopenjdk\jitwatch\process\compiler\CompilerScala.java,22
jitwatch,org.adoptopenjdk.jitwatch.process.compiler,ICompiler,0,0,1,1,3,1,6,0,-1.0,2,1,C:\Users\patel\Desktop\Assignment 3\jitwatch\core\src\main\java\org\adoptopenjdk\jitwatch\process\compiler\ICompiler.java,16
jitwatch,org.adoptopenjdk.jitwatch.process.javap,JavapProcess,2,0,4,3,46,9,0,0,0.0,1,0,C:\Users\patel\Desktop\Assignment 3\jitwatch\core\src\main\java\org\adoptopenjdk\jitwatch\process\javap\JavapProcess.java,17
jitwatch,org.adoptopenjdk.jitwatch.process.javap,ReflectionJavap,6,0,5,2,94,12,0,0,0.0,1,1,C:\Users\patel\Desktop\Assignment 3\jitwatch\core\src\main\java\org\adoptopenjdk\jitwatch\process\javap\ReflectionJavap.java,25
jitwatch,org.adoptopenjdk.jitwatch.process.runtime,IRuntime,0,0,3,3,5,3,6,0,-1.0,2,1,C:\Users\patel\Desktop\Assignment 3\jitwatch\core\src\main\java\org\adoptopenjdk\jitwatch\process\runtime\IRuntime.java,15
jitwatch,org.adoptopenjdk.jitwatch.process.runtime,RuntimeGroovy,3,0,6,5,45,9,0,1,0.5,0,1,C:\Users\patel\Desktop\Assignment 3\jitwatch\core\src\main\java\org\adoptopenjdk\jitwatch\process\runtime\RuntimeGroovy.java,22
jitwatch,org.adoptopenjdk.jitwatch.process.runtime,RuntimeJava,2,0,4,4,48,10,0,1,0.5,1,1,C:\Users\patel\Desktop\Assignment 3\jitwatch\core\src\main\java\org\adoptopenjdk\jitwatch\process\runtime\RuntimeJava.java,26
jitwatch,org.adoptopenjdk.jitwatch.process.runtime,RuntimeJavaScript,2,0,4,4,32,7,0,1,0.75,0,1,C:\Users\patel\Desktop\Assignment 3\jitwatch\core\src\main\java\org\adoptopenjdk\jitwatch\process\runtime\RuntimeJavaScript.java,19
jitwatch,org.adoptopenjdk.jitwatch.process.runtime,RuntimeJRuby,2,0,4,4,32,7,0,1,0.5,0,1,C:\Users\patel\Desktop\Assignment 3\jitwatch\core\src\main\java\org\adoptopenjdk\jitwatch\process\runtime\RuntimeJRuby.java,22
jitwatch,org.adoptopenjdk.jitwatch.process.runtime,RuntimeKotlin,3,0,4,4,35,7,0,1,0.5,0,3,C:\Users\patel\Desktop\Assignment 3\jitwatch\core\src\main\java\org\adoptopenjdk\jitwatch\process\runtime\RuntimeKotlin.java,24
jitwatch,org.adoptopenjdk.jitwatch.process.runtime,RuntimeScala,2,0,4,4,32,7,0,1,0.5,0,1,C:\Users\patel\Desktop\Assignment 3\jitwatch\core\src\main\java\org\adoptopenjdk\jitwatch\process\runtime\RuntimeScala.java,22
jitwatch,org.adoptopenjdk.jitwatch.report,AbstractReportBuilder,2,0,4,3,18,4,0,0,0.0,0,2,C:\Users\patel\Desktop\Assignment 3\jitwatch\core\src\main\java\org\adoptopenjdk\jitwatch\report\AbstractReportBuilder.java,18
jitwatch,org.adoptopenjdk.jitwatch.report,Report,7,0,12,12,80,28,0,0,0.0,13,2,C:\Users\patel\Desktop\Assignment 3\jitwatch\core\src\main\java\org\adoptopenjdk\jitwatch\report\Report.java,10
jitwatch,org.adoptopenjdk.jitwatch.report,ReportType,0,0,0,0,1,0,0,0,-1.0,8,0,C:\Users\patel\Desktop\Assignment 3\jitwatch\core\src\main\java\org\adoptopenjdk\jitwatch\report\ReportType.java,8
jitwatch,org.adoptopenjdk.jitwatch.report.comparator,MemberComparator,0,0,1,1,5,1,0,0,-1.0,0,1,C:\Users\patel\Desktop\Assignment 3\jitwatch\core\src\main\java\org\adoptopenjdk\jitwatch\report\comparator\MemberComparator.java,12
jitwatch,org.adoptopenjdk.jitwatch.report.comparator,ScoreComparator,0,0,1,1,5,1,0,0,-1.0,0,1,C:\Users\patel\Desktop\Assignment 3\jitwatch\core\src\main\java\org\adoptopenjdk\jitwatch\report\comparator\ScoreComparator.java,12
jitwatch,org.adoptopenjdk.jitwatch.report.escapeanalysis,AbstractEscapeAnalysisWalker,1,0,6,3,0,14,0,0,0.5,0,10,C:\Users\patel\Desktop\Assignment 3\jitwatch\core\src\main\java\org\adoptopenjdk\jitwatch\report\escapeanalysis\AbstractEscapeAnalysisWalker.java,42
jitwatch,org.adoptopenjdk.jitwatch.report.escapeanalysis.eliminatedallocation,EliminatedAllocationWalker,0,0,2,1,8,2,0,0,-1.0,1,3,C:\Users\patel\Desktop\Assignment 3\jitwatch\core\src\main\java\org\adoptopenjdk\jitwatch\report\escapeanalysis\eliminatedallocation\EliminatedAllocationWalker.java,13
jitwatch,org.adoptopenjdk.jitwatch.report.inlining,InliningWalker,2,0,5,3,52,14,0,0,0.6,1,11,C:\Users\patel\Desktop\Assignment 3\jitwatch\core\src\main\java\org\adoptopenjdk\jitwatch\report\inlining\InliningWalker.java,28
jitwatch,org.adoptopenjdk.jitwatch.report.locks,OptimisedLocksWalker,0,0,2,1,8,2,0,0,-1.0,1,3,C:\Users\patel\Desktop\Assignment 3\jitwatch\core\src\main\java\org\adoptopenjdk\jitwatch\report\locks\OptimisedLocksWalker.java,13
jitwatch,org.adoptopenjdk.jitwatch.report.suggestion,SuggestionWalker,32,0,10,3,0,45,0,0,0.2,2,10,C:\Users\patel\Desktop\Assignment 3\jitwatch\core\src\main\java\org\adoptopenjdk\jitwatch\report\suggestion\SuggestionWalker.java,69
jitwatch,org.adoptopenjdk.jitwatch.toplist,AbstractTopListVisitable,4,0,6,6,33,8,7,1,0.5,0,5,C:\Users\patel\Desktop\Assignment 3\jitwatch\core\src\main\java\org\adoptopenjdk\jitwatch\toplist\AbstractTopListVisitable.java,22
jitwatch,org.adoptopenjdk.jitwatch.toplist,CompiledAttributeTopListVisitable,1,0,2,2,13,3,0,2,0.0,0,2,C:\Users\patel\Desktop\Assignment 3\jitwatch\core\src\main\java\org\adoptopenjdk\jitwatch\toplist\CompiledAttributeTopListVisitable.java,11
jitwatch,org.adoptopenjdk.jitwatch.toplist,CompileTimeTopListVisitable,0,0,2,2,12,4,0,2,-1.0,0,2,C:\Users\patel\Desktop\Assignment 3\jitwatch\core\src\main\java\org\adoptopenjdk\jitwatch\toplist\CompileTimeTopListVisitable.java,12
jitwatch,org.adoptopenjdk.jitwatch.toplist,HotThrowTopListVisitable,1,0,3,3,26,7,0,2,0.0,0,3,C:\Users\patel\Desktop\Assignment 3\jitwatch\core\src\main\java\org\adoptopenjdk\jitwatch\toplist\HotThrowTopListVisitable.java,17
jitwatch,org.adoptopenjdk.jitwatch.toplist,InliningFailReasonTopListVisitable,1,0,5,4,0,14,0,2,0.4,0,6,C:\Users\patel\Desktop\Assignment 3\jitwatch\core\src\main\java\org\adoptopenjdk\jitwatch\toplist\InliningFailReasonTopListVisitable.java,42
jitwatch,org.adoptopenjdk.jitwatch.toplist,ITopListScore,0,0,2,0,4,2,2,0,-1.0,2,0,C:\Users\patel\Desktop\Assignment 3\jitwatch\core\src\main\java\org\adoptopenjdk\jitwatch\toplist\ITopListScore.java,8
jitwatch,org.adoptopenjdk.jitwatch.toplist,ITopListVisitable,0,0,1,0,3,1,1,0,-1.0,1,0,C:\Users\patel\Desktop\Assignment 3\jitwatch\core\src\main\java\org\adoptopenjdk\jitwatch\toplist\ITopListVisitable.java,12
jitwatch,org.adoptopenjdk.jitwatch.toplist,MemberScore,2,0,3,3,14,3,0,1,0.0,0,1,C:\Users\patel\Desktop\Assignment 3\jitwatch\core\src\main\java\org\adoptopenjdk\jitwatch\toplist\MemberScore.java,10
jitwatch,org.adoptopenjdk.jitwatch.toplist,MostUsedIntrinsicsTopListVisitable,1,0,3,3,26,7,0,2,0.0,0,3,C:\Users\patel\Desktop\Assignment 3\jitwatch\core\src\main\java\org\adoptopenjdk\jitwatch\toplist\MostUsedIntrinsicsTopListVisitable.java,15
jitwatch,org.adoptopenjdk.jitwatch.toplist,NativeMethodSizeTopListVisitable,0,0,2,2,27,4,0,2,-1.0,0,2,C:\Users\patel\Desktop\Assignment 3\jitwatch\core\src\main\java\org\adoptopenjdk\jitwatch\toplist\NativeMethodSizeTopListVisitable.java,28
jitwatch,org.adoptopenjdk.jitwatch.toplist,StaleTaskToplistVisitable,1,0,3,3,28,8,0,2,0.0,0,4,C:\Users\patel\Desktop\Assignment 3\jitwatch\core\src\main\java\org\adoptopenjdk\jitwatch\toplist\StaleTaskToplistVisitable.java,17
jitwatch,org.adoptopenjdk.jitwatch.toplist,StringTopListScore,2,0,3,3,14,3,0,1,0.0,0,0,C:\Users\patel\Desktop\Assignment 3\jitwatch\core\src\main\java\org\adoptopenjdk\jitwatch\toplist\StringTopListScore.java,8
jitwatch,org.adoptopenjdk.jitwatch.treevisitor,ITreeVisitable,0,0,2,0,4,2,0,0,-1.0,1,1,C:\Users\patel\Desktop\Assignment 3\jitwatch\core\src\main\java\org\adoptopenjdk\jitwatch\treevisitor\ITreeVisitable.java,10
jitwatch,org.adoptopenjdk.jitwatch.treevisitor,TreeVisitor,0,0,3,1,23,7,0,0,-1.0,5,3,C:\Users\patel\Desktop\Assignment 3\jitwatch\core\src\main\java\org\adoptopenjdk\jitwatch\treevisitor\TreeVisitor.java,15
jitwatch,org.adoptopenjdk.jitwatch.util,ClassUtil,2,0,7,6,42,11,0,0,0.5714285714285714,4,1,C:\Users\patel\Desktop\Assignment 3\jitwatch\core\src\main\java\org\adoptopenjdk\jitwatch\util\ClassUtil.java,20
jitwatch,org.adoptopenjdk.jitwatch.util,DisassemblyUtil,1,0,6,5,106,31,0,0,0.3333333333333333,3,1,C:\Users\patel\Desktop\Assignment 3\jitwatch\core\src\main\java\org\adoptopenjdk\jitwatch\util\DisassemblyUtil.java,19
jitwatch,org.adoptopenjdk.jitwatch.util,FileUtil,1,0,8,6,132,25,0,0,0.625,4,0,C:\Users\patel\Desktop\Assignment 3\jitwatch\core\src\main\java\org\adoptopenjdk\jitwatch\util\FileUtil.java,28
jitwatch,org.adoptopenjdk.jitwatch.util,HeadlessUtil,0,0,6,1,77,15,0,0,-1.0,1,4,C:\Users\patel\Desktop\Assignment 3\jitwatch\core\src\main\java\org\adoptopenjdk\jitwatch\util\HeadlessUtil.java,26
jitwatch,org.adoptopenjdk.jitwatch.util,JVMSUtil,4,0,8,6,97,19,0,0,0.25,1,3,C:\Users\patel\Desktop\Assignment 3\jitwatch\core\src\main\java\org\adoptopenjdk\jitwatch\util\JVMSUtil.java,24
jitwatch,org.adoptopenjdk.jitwatch.util,NetUtil,1,0,3,2,39,5,0,0,0.6666666666666666,2,0,C:\Users\patel\Desktop\Assignment 3\jitwatch\core\src\main\java\org\adoptopenjdk\jitwatch\util\NetUtil.java,19
jitwatch,org.adoptopenjdk.jitwatch.util,OSUtil,1,0,2,2,44,11,0,0,1.0,2,1,C:\Users\patel\Desktop\Assignment 3\jitwatch\core\src\main\java\org\adoptopenjdk\jitwatch\util\OSUtil.java,12
jitwatch,org.adoptopenjdk.jitwatch.util,OSUtil.OperatingSystem,0,0,0,0,1,0,0,0,-1.0,0,0,C:\Users\patel\Desktop\Assignment 3\jitwatch\core\src\main\java\org\adoptopenjdk\jitwatch\util\OSUtil.java,16
jitwatch,org.adoptopenjdk.jitwatch.util,ParseUtil,15,13,46,43,0,200,0,0,0.17391304347826086,22,11,C:\Users\patel\Desktop\Assignment 3\jitwatch\core\src\main\java\org\adoptopenjdk\jitwatch\util\ParseUtil.java,79
jitwatch,org.adoptopenjdk.jitwatch.util,StringUtil,1,0,29,28,0,72,0,0,0.6551724137931034,43,0,C:\Users\patel\Desktop\Assignment 3\jitwatch\core\src\main\java\org\adoptopenjdk\jitwatch\util\StringUtil.java,34
jitwatch,org.adoptopenjdk.jitwatch.util,TimerUtil,2,0,2,2,26,4,0,0,0.0,0,0,C:\Users\patel\Desktop\Assignment 3\jitwatch\core\src\main\java\org\adoptopenjdk\jitwatch\util\TimerUtil.java,11
jitwatch,org.adoptopenjdk.jitwatch.util,TooltipUtil,0,0,2,1,32,7,0,0,-1.0,2,3,C:\Users\patel\Desktop\Assignment 3\jitwatch\core\src\main\java\org\adoptopenjdk\jitwatch\util\TooltipUtil.java,20
jitwatch,org.adoptopenjdk.jitwatch.util,VmVersionDetector,1,0,1,1,42,8,0,0,0.0,2,2,C:\Users\patel\Desktop\Assignment 3\jitwatch\core\src\main\java\org\adoptopenjdk\jitwatch\util\VmVersionDetector.java,12
jitwatch,org.adoptopenjdk.jitwatch.util,LocaleCell,0,0,1,1,11,2,0,0,-1.0,0,0,C:\Users\patel\Desktop\Assignment 3\jitwatch\ui\src\main\java\org\adoptopenjdk\jitwatch\util\LocaleCell.java,13
jitwatch,org.adoptopenjdk.jitwatch.util,ObservableResourceFactory,1,0,7,7,36,9,0,0,0.0,1,0,C:\Users\patel\Desktop\Assignment 3\jitwatch\ui\src\main\java\org\adoptopenjdk\jitwatch\util\ObservableResourceFactory.java,17
jitwatch,org.adoptopenjdk.jitwatch.util,UserInterfaceUtil,9,5,14,11,0,29,0,0,0.42857142857142855,32,2,C:\Users\patel\Desktop\Assignment 3\jitwatch\ui\src\main\java\org\adoptopenjdk\jitwatch\util\UserInterfaceUtil.java,36
jitwatch,org.adoptopenjdk.jitwatch.util,UserInterfaceUtil.TooltipBinding,1,0,0,0,10,0,0,0,-1.0,0,0,C:\Users\patel\Desktop\Assignment 3\jitwatch\ui\src\main\java\org\adoptopenjdk\jitwatch\util\UserInterfaceUtil.java,273
jitwatch,(default package),Branchless,0,0,6,6,46,9,0,0,-1.0,0,0,C:\Users\patel\Desktop\Assignment 3\jitwatch\core\src\main\resources\examples\Branchless.java,2
jitwatch,(default package),CodeCacheBuster,1,0,5001,5001,20010,5002,0,0,0.24575084983003398,0,0,C:\Users\patel\Desktop\Assignment 3\jitwatch\core\src\main\resources\examples\CodeCacheBuster.java,3
jitwatch,(default package),DeoptTest,5,0,5,4,36,8,0,0,0.4,0,0,C:\Users\patel\Desktop\Assignment 3\jitwatch\core\src\main\resources\examples\DeoptTest.java,1
jitwatch,(default package),DoesItVectorise,0,0,3,3,20,6,0,0,-1.0,0,0,C:\Users\patel\Desktop\Assignment 3\jitwatch\core\src\main\resources\examples\DoesItVectorise.java,1
jitwatch,(default package),ElisionTest,0,0,2,2,16,4,0,0,-1.0,0,0,C:\Users\patel\Desktop\Assignment 3\jitwatch\core\src\main\resources\examples\ElisionTest.java,3
jitwatch,(default package),ElisionTest2,0,0,2,2,12,3,0,0,-1.0,0,0,C:\Users\patel\Desktop\Assignment 3\jitwatch\core\src\main\resources\examples\ElisionTest2.java,3
jitwatch,(default package),EscapeTest,3,0,2,2,50,5,0,0,1.0,0,0,C:\Users\patel\Desktop\Assignment 3\jitwatch\core\src\main\resources\examples\EscapeTest.java,4
jitwatch,(default package),EscapeTest.Wrapper1,1,0,0,0,12,0,0,0,-1.0,0,0,C:\Users\patel\Desktop\Assignment 3\jitwatch\core\src\main\resources\examples\EscapeTest.java,6
jitwatch,(default package),EscapeTest.Wrapper2,1,0,0,0,9,0,0,0,-1.0,0,0,C:\Users\patel\Desktop\Assignment 3\jitwatch\core\src\main\resources\examples\EscapeTest.java,13
jitwatch,(default package),EscapeTestManyFields,41,0,2,2,88,5,0,0,1.0,0,0,C:\Users\patel\Desktop\Assignment 3\jitwatch\core\src\main\resources\examples\EscapeTestManyFields.java,1
jitwatch,(default package),EscapeTestManyFields.Wrapper1,20,0,0,0,31,0,0,0,-1.0,0,0,C:\Users\patel\Desktop\Assignment 3\jitwatch\core\src\main\resources\examples\EscapeTestManyFields.java,3
jitwatch,(default package),EscapeTestManyFields.Wrapper2,20,0,0,0,28,0,0,0,-1.0,0,0,C:\Users\patel\Desktop\Assignment 3\jitwatch\core\src\main\resources\examples\EscapeTestManyFields.java,13
jitwatch,(default package),EscapeTestMultipleFields,7,0,2,2,58,5,0,0,1.0,0,0,C:\Users\patel\Desktop\Assignment 3\jitwatch\core\src\main\resources\examples\EscapeTestMultipleFields.java,1
jitwatch,(default package),EscapeTestMultipleFields.Wrapper1,3,0,0,0,16,0,0,0,-1.0,0,0,C:\Users\patel\Desktop\Assignment 3\jitwatch\core\src\main\resources\examples\EscapeTestMultipleFields.java,3
jitwatch,(default package),EscapeTestMultipleFields.Wrapper2,3,0,0,0,13,0,0,0,-1.0,0,0,C:\Users\patel\Desktop\Assignment 3\jitwatch\core\src\main\resources\examples\EscapeTestMultipleFields.java,12
jitwatch,(default package),EscapeTestString,3,0,2,2,50,5,0,0,1.0,0,0,C:\Users\patel\Desktop\Assignment 3\jitwatch\core\src\main\resources\examples\EscapeTestString.java,1
jitwatch,(default package),EscapeTestString.Wrapper1,1,0,0,0,12,0,0,0,-1.0,0,0,C:\Users\patel\Desktop\Assignment 3\jitwatch\core\src\main\resources\examples\EscapeTestString.java,3
jitwatch,(default package),EscapeTestString.Wrapper2,1,0,0,0,9,0,0,0,-1.0,0,0,C:\Users\patel\Desktop\Assignment 3\jitwatch\core\src\main\resources\examples\EscapeTestString.java,10
jitwatch,(default package),EscapeTestUnboxing,1,0,2,2,16,4,0,0,1.0,0,0,C:\Users\patel\Desktop\Assignment 3\jitwatch\core\src\main\resources\examples\EscapeTestUnboxing.java,4
jitwatch,(default package),HotThrow,1,0,3,3,25,4,0,0,1.0,0,0,C:\Users\patel\Desktop\Assignment 3\jitwatch\core\src\main\resources\examples\HotThrow.java,3
jitwatch,(default package),InlineElimAlloc,0,0,3,3,31,6,0,0,-1.0,0,0,C:\Users\patel\Desktop\Assignment 3\jitwatch\core\src\main\resources\examples\InlineElimAlloc.java,1
jitwatch,(default package),InlineSmallCode,2,0,4,2,35,5,0,0,1.0,0,0,C:\Users\patel\Desktop\Assignment 3\jitwatch\core\src\main\resources\examples\InlineSmallCode.java,17
jitwatch,(default package),InlineSmallCode.Point,2,0,0,0,13,0,0,0,-1.0,0,0,C:\Users\patel\Desktop\Assignment 3\jitwatch\core\src\main\resources\examples\InlineSmallCode.java,19
jitwatch,(default package),InliningChains,0,0,10,2,88,11,0,0,-1.0,0,0,C:\Users\patel\Desktop\Assignment 3\jitwatch\core\src\main\resources\examples\InliningChains.java,1
jitwatch,(default package),IntrinsicTest,0,0,3,2,20,5,0,0,-1.0,0,0,C:\Users\patel\Desktop\Assignment 3\jitwatch\core\src\main\resources\examples\IntrinsicTest.java,1
jitwatch,(default package),Lambda,0,0,1,1,16,2,0,0,-1.0,0,0,C:\Users\patel\Desktop\Assignment 3\jitwatch\core\src\main\resources\examples\Lambda.java,4
jitwatch,(default package),LockCoarsen,0,0,2,2,19,3,0,0,-1.0,0,0,C:\Users\patel\Desktop\Assignment 3\jitwatch\core\src\main\resources\examples\LockCoarsen.java,1
jitwatch,(default package),LockEliminate,0,0,4,2,22,5,0,0,-1.0,0,0,C:\Users\patel\Desktop\Assignment 3\jitwatch\core\src\main\resources\examples\LockEliminate.java,1
jitwatch,(default package),LoopUnroll,2,0,13,2,125,31,0,0,0.23076923076923078,0,0,C:\Users\patel\Desktop\Assignment 3\jitwatch\core\src\main\resources\examples\LoopUnroll.java,2
jitwatch,(default package),MegamorphicBypass,1,1,2,2,51,7,0,0,1.0,0,0,C:\Users\patel\Desktop\Assignment 3\jitwatch\core\src\main\resources\examples\MegamorphicBypass.java,1
jitwatch,(default package),MegamorphicBypass.Coin,0,0,0,0,3,0,0,0,-1.0,0,0,C:\Users\patel\Desktop\Assignment 3\jitwatch\core\src\main\resources\examples\MegamorphicBypass.java,3
jitwatch,(default package),MegamorphicBypass.Nickel,0,0,0,0,5,0,0,0,-1.0,0,0,C:\Users\patel\Desktop\Assignment 3\jitwatch\core\src\main\resources\examples\MegamorphicBypass.java,5
jitwatch,(default package),MegamorphicBypass.Dime,0,0,0,0,5,0,0,0,-1.0,0,0,C:\Users\patel\Desktop\Assignment 3\jitwatch\core\src\main\resources\examples\MegamorphicBypass.java,7
jitwatch,(default package),MegamorphicBypass.Quarter,0,0,0,0,5,0,0,0,-1.0,0,0,C:\Users\patel\Desktop\Assignment 3\jitwatch\core\src\main\resources\examples\MegamorphicBypass.java,9
jitwatch,(default package),OSRTest,0,0,2,2,22,6,0,0,-1.0,0,0,C:\Users\patel\Desktop\Assignment 3\jitwatch\core\src\main\resources\examples\OSRTest.java,1
jitwatch,(default package),PartialEscapeFail,0,0,2,2,30,4,0,0,-1.0,0,0,C:\Users\patel\Desktop\Assignment 3\jitwatch\core\src\main\resources\examples\PartialEscapeFail.java,1
jitwatch,(default package),PartialEscapeFail.EscapeConsumer,0,0,0,0,10,0,0,0,-1.0,0,0,C:\Users\patel\Desktop\Assignment 3\jitwatch\core\src\main\resources\examples\PartialEscapeFail.java,3
jitwatch,(default package),PolymorphismTest,1,1,2,2,46,6,0,0,1.0,0,0,C:\Users\patel\Desktop\Assignment 3\jitwatch\core\src\main\resources\examples\PolymorphismTest.java,1
jitwatch,(default package),PolymorphismTest.Coin,0,0,0,0,3,0,0,0,-1.0,0,0,C:\Users\patel\Desktop\Assignment 3\jitwatch\core\src\main\resources\examples\PolymorphismTest.java,3
jitwatch,(default package),PolymorphismTest.Nickel,0,0,0,0,5,0,0,0,-1.0,0,0,C:\Users\patel\Desktop\Assignment 3\jitwatch\core\src\main\resources\examples\PolymorphismTest.java,10
jitwatch,(default package),PolymorphismTest.Dime,0,0,0,0,5,0,0,0,-1.0,0,0,C:\Users\patel\Desktop\Assignment 3\jitwatch\core\src\main\resources\examples\PolymorphismTest.java,18
jitwatch,(default package),PolymorphismTest.Quarter,0,0,0,0,5,0,0,0,-1.0,0,0,C:\Users\patel\Desktop\Assignment 3\jitwatch\core\src\main\resources\examples\PolymorphismTest.java,26
jitwatch,(default package),SafePointTest,3,0,3,3,22,5,0,0,0.6666666666666666,0,0,C:\Users\patel\Desktop\Assignment 3\jitwatch\core\src\main\resources\examples\SafePointTest.java,1
jitwatch,(default package),SimpleInliningTest,0,0,3,3,15,4,0,0,-1.0,0,0,C:\Users\patel\Desktop\Assignment 3\jitwatch\core\src\main\resources\examples\SimpleInliningTest.java,5
jitwatch,(default package),Sort,3,3,5,2,42,10,0,0,0.4,0,0,C:\Users\patel\Desktop\Assignment 3\jitwatch\core\src\main\resources\examples\Sort.java,4
jitwatch,(default package),StringBufferLockElision,0,0,3,2,20,4,0,0,-1.0,0,0,C:\Users\patel\Desktop\Assignment 3\jitwatch\core\src\main\resources\examples\StringBufferLockElision.java,1
jitwatch,(default package),TestInner,0,0,3,3,32,3,0,0,-1.0,0,0,C:\Users\patel\Desktop\Assignment 3\jitwatch\core\src\main\resources\examples\TestInner.java,1
jitwatch,(default package),TestInner.Inner1,0,0,0,0,19,0,0,0,-1.0,0,0,C:\Users\patel\Desktop\Assignment 3\jitwatch\core\src\main\resources\examples\TestInner.java,17
jitwatch,(default package),TestInner.Inner2,0,0,0,0,9,0,0,0,-1.0,0,0,C:\Users\patel\Desktop\Assignment 3\jitwatch\core\src\main\resources\examples\TestInner.java,33
jitwatch,(default package),TrivialMethod,1,0,4,4,21,5,0,0,0.75,0,0,C:\Users\patel\Desktop\Assignment 3\jitwatch\core\src\main\resources\examples\TrivialMethod.java,1
jitwatch,(default package),UpperCase,1,1,5,2,40,9,0,0,0.6,0,0,C:\Users\patel\Desktop\Assignment 3\jitwatch\core\src\main\resources\examples\UpperCase.java,3
jitwatch,(default package),FooClassInDefaultPackage,4,0,8,8,30,8,0,0,0.5,0,1,C:\Users\patel\Desktop\Assignment 3\jitwatch\core\src\test\java\FooClassInDefaultPackage.java,6
jitwatch,(default package),IsUsedForTestingDefaultPackage,0,0,1,1,5,1,0,0,-1.0,1,0,C:\Users\patel\Desktop\Assignment 3\jitwatch\core\src\test\java\IsUsedForTestingDefaultPackage.java,6
jitwatch,org.adoptopenjdk.jitwatch.test,AbstractAssemblyTest,0,0,0,0,3,0,2,0,-1.0,0,0,C:\Users\patel\Desktop\Assignment 3\jitwatch\core\src\test\java\org\adoptopenjdk\jitwatch\test\AbstractAssemblyTest.java,8
jitwatch,org.adoptopenjdk.jitwatch.test,AbstractAssemblyTest.OperandType,0,0,0,0,1,0,0,0,-1.0,0,0,C:\Users\patel\Desktop\Assignment 3\jitwatch\core\src\test\java\org\adoptopenjdk\jitwatch\test\AbstractAssemblyTest.java,10
jitwatch,org.adoptopenjdk.jitwatch.test,DummyClassWithMain,0,0,1,1,5,1,0,0,-1.0,0,0,C:\Users\patel\Desktop\Assignment 3\jitwatch\core\src\test\java\org\adoptopenjdk\jitwatch\test\DummyClassWithMain.java,8
jitwatch,org.adoptopenjdk.jitwatch.test,HelperMetaMethod,1,0,3,3,23,4,0,0,0.6666666666666666,1,1,C:\Users\patel\Desktop\Assignment 3\jitwatch\core\src\test\java\org\adoptopenjdk\jitwatch\test\HelperMetaMethod.java,19
jitwatch,org.adoptopenjdk.jitwatch.test,TestAssemblyLabels,2,0,7,7,110,7,0,0,0.0,0,2,C:\Users\patel\Desktop\Assignment 3\jitwatch\core\src\test\java\org\adoptopenjdk\jitwatch\test\TestAssemblyLabels.java,17
jitwatch,org.adoptopenjdk.jitwatch.test,TestAssemblyParserARM,0,0,1,1,4,1,0,1,-1.0,0,0,C:\Users\patel\Desktop\Assignment 3\jitwatch\core\src\test\java\org\adoptopenjdk\jitwatch\test\TestAssemblyParserARM.java,10
jitwatch,org.adoptopenjdk.jitwatch.test,TestAssemblyParserX86,0,0,19,18,266,24,0,1,-1.0,0,6,C:\Users\patel\Desktop\Assignment 3\jitwatch\core\src\test\java\org\adoptopenjdk\jitwatch\test\TestAssemblyParserX86.java,26
jitwatch,org.adoptopenjdk.jitwatch.test,TestAssemblyProcessor,2,0,17,16,205,19,0,0,0.29411764705882354,0,8,C:\Users\patel\Desktop\Assignment 3\jitwatch\core\src\test\java\org\adoptopenjdk\jitwatch\test\TestAssemblyProcessor.java,26
jitwatch,org.adoptopenjdk.jitwatch.test,TestBytecodeAnnotationBuilder,0,0,22,21,447,23,0,0,-1.0,0,15,C:\Users\patel\Desktop\Assignment 3\jitwatch\core\src\test\java\org\adoptopenjdk\jitwatch\test\TestBytecodeAnnotationBuilder.java,47
jitwatch,org.adoptopenjdk.jitwatch.test,TestBytecodeLoader,0,0,24,23,392,24,0,0,-1.0,0,16,C:\Users\patel\Desktop\Assignment 3\jitwatch\core\src\test\java\org\adoptopenjdk\jitwatch\test\TestBytecodeLoader.java,37
jitwatch,org.adoptopenjdk.jitwatch.test,TestBytecodeLoaderWithInnerClasses,9,0,16,15,171,18,0,0,0.1875,0,6,C:\Users\patel\Desktop\Assignment 3\jitwatch\core\src\test\java\org\adoptopenjdk\jitwatch\test\TestBytecodeLoaderWithInnerClasses.java,70
jitwatch,org.adoptopenjdk.jitwatch.test,TestCompilationUtil,3,0,4,3,55,6,0,0,0.0,0,2,C:\Users\patel\Desktop\Assignment 3\jitwatch\core\src\test\java\org\adoptopenjdk\jitwatch\test\TestCompilationUtil.java,27
jitwatch,org.adoptopenjdk.jitwatch.test,TestCompileChain,0,0,8,7,236,10,0,0,-1.0,0,7,C:\Users\patel\Desktop\Assignment 3\jitwatch\core\src\test\java\org\adoptopenjdk\jitwatch\test\TestCompileChain.java,27
jitwatch,org.adoptopenjdk.jitwatch.test,TestCompositeObjectEquality,0,0,11,11,81,11,0,0,-1.0,0,3,C:\Users\patel\Desktop\Assignment 3\jitwatch\core\src\test\java\org\adoptopenjdk\jitwatch\test\TestCompositeObjectEquality.java,17
jitwatch,org.adoptopenjdk.jitwatch.test,TestExecutionUtil,0,0,1,1,24,2,0,0,-1.0,0,1,C:\Users\patel\Desktop\Assignment 3\jitwatch\core\src\test\java\org\adoptopenjdk\jitwatch\test\TestExecutionUtil.java,22
jitwatch,org.adoptopenjdk.jitwatch.test,TestHisto,0,0,1,1,16,1,0,0,-1.0,0,0,C:\Users\patel\Desktop\Assignment 3\jitwatch\core\src\test\java\org\adoptopenjdk\jitwatch\test\TestHisto.java,13
jitwatch,org.adoptopenjdk.jitwatch.test,TestInnerClassRelationship,0,0,2,2,27,2,0,0,-1.0,0,1,C:\Users\patel\Desktop\Assignment 3\jitwatch\core\src\test\java\org\adoptopenjdk\jitwatch\test\TestInnerClassRelationship.java,14
jitwatch,org.adoptopenjdk.jitwatch.test,TestIntrinsicFinder,0,0,3,3,27,3,0,0,-1.0,0,4,C:\Users\patel\Desktop\Assignment 3\jitwatch\core\src\test\java\org\adoptopenjdk\jitwatch\test\TestIntrinsicFinder.java,18
jitwatch,org.adoptopenjdk.jitwatch.test,TestJ9Parser,0,0,3,3,58,3,0,0,-1.0,0,3,C:\Users\patel\Desktop\Assignment 3\jitwatch\core\src\test\java\org\adoptopenjdk\jitwatch\test\TestJ9Parser.java,16
jitwatch,org.adoptopenjdk.jitwatch.test,TestJarScan,1,1,11,8,168,13,0,0,0.2727272727272727,0,5,C:\Users\patel\Desktop\Assignment 3\jitwatch\core\src\test\java\org\adoptopenjdk\jitwatch\test\TestJarScan.java,19
jitwatch,org.adoptopenjdk.jitwatch.test,TestJITWatchConfig,1,0,6,6,127,8,0,0,0.0,0,2,C:\Users\patel\Desktop\Assignment 3\jitwatch\core\src\test\java\org\adoptopenjdk\jitwatch\test\TestJITWatchConfig.java,22
jitwatch,org.adoptopenjdk.jitwatch.test,TestLineTable,0,0,4,4,94,5,0,0,-1.0,0,2,C:\Users\patel\Desktop\Assignment 3\jitwatch\core\src\test\java\org\adoptopenjdk\jitwatch\test\TestLineTable.java,16
jitwatch,org.adoptopenjdk.jitwatch.test,TestLocales,0,0,2,2,14,2,0,0,-1.0,0,1,C:\Users\patel\Desktop\Assignment 3\jitwatch\core\src\test\java\org\adoptopenjdk\jitwatch\test\TestLocales.java,15
jitwatch,org.adoptopenjdk.jitwatch.test,TestLogSplitting,0,0,4,3,43,5,0,0,-1.0,0,4,C:\Users\patel\Desktop\Assignment 3\jitwatch\core\src\test\java\org\adoptopenjdk\jitwatch\test\TestLogSplitting.java,21
jitwatch,org.adoptopenjdk.jitwatch.test,TestMemberBytecode,0,0,2,2,16,2,0,0,-1.0,0,2,C:\Users\patel\Desktop\Assignment 3\jitwatch\core\src\test\java\org\adoptopenjdk\jitwatch\test\TestMemberBytecode.java,8
jitwatch,org.adoptopenjdk.jitwatch.test,TestMemberSignatureParts,1,1,18,17,261,19,0,0,0.6666666666666666,0,1,C:\Users\patel\Desktop\Assignment 3\jitwatch\core\src\test\java\org\adoptopenjdk\jitwatch\test\TestMemberSignatureParts.java,22
jitwatch,org.adoptopenjdk.jitwatch.test,TestClassWithGenerics,0,0,9,9,26,9,0,0,-1.0,0,0,C:\Users\patel\Desktop\Assignment 3\jitwatch\core\src\test\java\org\adoptopenjdk\jitwatch\test\TestMetaClass.java,30
jitwatch,org.adoptopenjdk.jitwatch.test,TestClassWithGenerics.TestMetaClass,0,0,0,0,227,0,0,0,-1.0,0,0,C:\Users\patel\Desktop\Assignment 3\jitwatch\core\src\test\java\org\adoptopenjdk\jitwatch\test\TestMetaClass.java,79
jitwatch,org.adoptopenjdk.jitwatch.test,TestOpcode,0,0,1,1,15,3,0,0,-1.0,0,1,C:\Users\patel\Desktop\Assignment 3\jitwatch\core\src\test\java\org\adoptopenjdk\jitwatch\test\TestOpcode.java,17
jitwatch,org.adoptopenjdk.jitwatch.test,TestPackageManager,0,0,2,2,15,2,0,0,-1.0,0,2,C:\Users\patel\Desktop\Assignment 3\jitwatch\core\src\test\java\org\adoptopenjdk\jitwatch\test\TestPackageManager.java,20
jitwatch,org.adoptopenjdk.jitwatch.test,TestParseUtil,0,0,58,57,528,61,0,0,-1.0,0,13,C:\Users\patel\Desktop\Assignment 3\jitwatch\core\src\test\java\org\adoptopenjdk\jitwatch\test\TestParseUtil.java,39
jitwatch,org.adoptopenjdk.jitwatch.test,TestReport,0,0,2,2,48,2,0,0,-1.0,0,6,C:\Users\patel\Desktop\Assignment 3\jitwatch\core\src\test\java\org\adoptopenjdk\jitwatch\test\TestReport.java,20
jitwatch,org.adoptopenjdk.jitwatch.test,TestResourceLoader,1,0,3,2,58,9,0,0,0.0,0,1,C:\Users\patel\Desktop\Assignment 3\jitwatch\core\src\test\java\org\adoptopenjdk\jitwatch\test\TestResourceLoader.java,31
jitwatch,org.adoptopenjdk.jitwatch.test,TestStringUtil,0,0,3,3,44,5,0,0,-1.0,0,1,C:\Users\patel\Desktop\Assignment 3\jitwatch\core\src\test\java\org\adoptopenjdk\jitwatch\test\TestStringUtil.java,17
jitwatch,org.adoptopenjdk.jitwatch.test,TestTagProcessor,0,0,13,13,259,23,0,0,-1.0,0,3,C:\Users\patel\Desktop\Assignment 3\jitwatch\core\src\test\java\org\adoptopenjdk\jitwatch\test\TestTagProcessor.java,26
jitwatch,org.adoptopenjdk.jitwatch.test,TestVmVersionDetector,11,0,2,1,34,3,0,0,0.0,0,3,C:\Users\patel\Desktop\Assignment 3\jitwatch\core\src\test\java\org\adoptopenjdk\jitwatch\test\TestVmVersionDetector.java,16
jitwatch,org.adoptopenjdk.jitwatch.test,TestZingParser,0,0,16,15,125,16,0,0,-1.0,0,4,C:\Users\patel\Desktop\Assignment 3\jitwatch\core\src\test\java\org\adoptopenjdk\jitwatch\test\TestZingParser.java,18
jitwatch,org.adoptopenjdk.jitwatch.test,UnitTestLogParser,0,0,8,5,24,8,0,0,-1.0,2,4,C:\Users\patel\Desktop\Assignment 3\jitwatch\core\src\test\java\org\adoptopenjdk\jitwatch\test\UnitTestLogParser.java,12
jitwatch,org.adoptopenjdk.jitwatch.test,UnitTestUtil,1,1,20,19,180,34,0,0,0.7,9,19,C:\Users\patel\Desktop\Assignment 3\jitwatch\core\src\test\java\org\adoptopenjdk\jitwatch\test\UnitTestUtil.java,49
jitwatch,org.adoptopenjdk.jitwatch.jarscan.visualiser,HistoPlotter,8,0,12,8,154,24,0,0,0.3333333333333333,0,1,C:\Users\patel\Desktop\Assignment 3\jitwatch\ui\src\main\java\org\adoptopenjdk\jitwatch\jarscan\visualiser\HistoPlotter.java,46
jitwatch,org.adoptopenjdk.jitwatch.sandbox,Sandbox,13,5,11,4,247,50,0,0,0.0,2,15,C:\Users\patel\Desktop\Assignment 3\jitwatch\ui\src\main\java\org\adoptopenjdk\jitwatch\sandbox\Sandbox.java,44
jitwatch,org.adoptopenjdk.jitwatch.ui.browser,BrowserStage,2,0,2,2,19,3,0,0,0.0,1,1,C:\Users\patel\Desktop\Assignment 3\jitwatch\ui\src\main\java\org\adoptopenjdk\jitwatch\ui\browser\BrowserStage.java,16
jitwatch,org.adoptopenjdk.jitwatch.ui.compilationchooser,CompilationChooser,4,0,6,6,48,11,0,0,0.0,2,3,C:\Users\patel\Desktop\Assignment 3\jitwatch\ui\src\main\java\org\adoptopenjdk\jitwatch\ui\compilationchooser\CompilationChooser.java,21
jitwatch,org.adoptopenjdk.jitwatch.ui.compilechain,CompileChainStage,16,2,13,4,224,26,0,0,0.0,1,11,C:\Users\patel\Desktop\Assignment 3\jitwatch\ui\src\main\java\org\adoptopenjdk\jitwatch\ui\compilechain\CompileChainStage.java,46
jitwatch,org.adoptopenjdk.jitwatch.ui.compilechain,CompileChainStage.PlotNode,2,2,0,0,4,0,0,0,-1.0,0,0,C:\Users\patel\Desktop\Assignment 3\jitwatch\ui\src\main\java\org\adoptopenjdk\jitwatch\ui\compilechain\CompileChainStage.java,69
jitwatch,org.adoptopenjdk.jitwatch.ui,Dialogs,2,0,15,14,183,21,0,0,0.26666666666666666,5,1,C:\Users\patel\Desktop\Assignment 3\jitwatch\ui\src\main\java\org\adoptopenjdk\jitwatch\ui\Dialogs.java,28
jitwatch,org.adoptopenjdk.jitwatch.ui,Dialogs.Response,0,0,0,0,1,0,0,0,-1.0,0,0,C:\Users\patel\Desktop\Assignment 3\jitwatch\ui\src\main\java\org\adoptopenjdk\jitwatch\ui\Dialogs.java,34
jitwatch,org.adoptopenjdk.jitwatch.ui,Dialogs.Dialog,0,0,0,0,15,0,0,0,-1.0,0,0,C:\Users\patel\Desktop\Assignment 3\jitwatch\ui\src\main\java\org\adoptopenjdk\jitwatch\ui\Dialogs.java,48
jitwatch,org.adoptopenjdk.jitwatch.ui.filechooser,FileChooserList,5,0,9,6,123,21,1,0,0.0,2,1,C:\Users\patel\Desktop\Assignment 3\jitwatch\ui\src\main\java\org\adoptopenjdk\jitwatch\ui\filechooser\FileChooserList.java,29
jitwatch,org.adoptopenjdk.jitwatch.ui.filechooser,FileChooserListSrcZip,1,0,2,2,23,4,0,1,0.0,0,2,C:\Users\patel\Desktop\Assignment 3\jitwatch\ui\src\main\java\org\adoptopenjdk\jitwatch\ui\filechooser\FileChooserListSrcZip.java,22
jitwatch,org.adoptopenjdk.jitwatch.ui.graphing,AbstractGraphStage,23,0,19,2,199,30,3,0,0.15789473684210525,0,6,C:\Users\patel\Desktop\Assignment 3\jitwatch\ui\src\main\java\org\adoptopenjdk\jitwatch\ui\graphing\AbstractGraphStage.java,29
jitwatch,org.adoptopenjdk.jitwatch.ui.graphing,CodeCacheStage,1,0,5,3,109,18,0,1,0.4,1,4,C:\Users\patel\Desktop\Assignment 3\jitwatch\ui\src\main\java\org\adoptopenjdk\jitwatch\ui\graphing\CodeCacheStage.java,23
jitwatch,org.adoptopenjdk.jitwatch.ui.graphing,HistoStage,2,0,3,3,85,7,0,1,0.0,1,5,C:\Users\patel\Desktop\Assignment 3\jitwatch\ui\src\main\java\org\adoptopenjdk\jitwatch\ui\graphing\HistoStage.java,36
jitwatch,org.adoptopenjdk.jitwatch.ui.graphing,TimeLineStage,5,0,12,3,200,36,0,1,0.16666666666666666,1,8,C:\Users\patel\Desktop\Assignment 3\jitwatch\ui\src\main\java\org\adoptopenjdk\jitwatch\ui\graphing\TimeLineStage.java,39
jitwatch,org.adoptopenjdk.jitwatch.ui.main,ClassMemberList,6,0,27,15,222,45,0,0,0.1111111111111111,1,7,C:\Users\patel\Desktop\Assignment 3\jitwatch\ui\src\main\java\org\adoptopenjdk\jitwatch\ui\main\ClassMemberList.java,36
jitwatch,org.adoptopenjdk.jitwatch.ui.main,ClassMemberList.MetaMethodCell,0,0,0,0,18,0,0,0,-1.0,0,1,C:\Users\patel\Desktop\Assignment 3\jitwatch\ui\src\main\java\org\adoptopenjdk\jitwatch\ui\main\ClassMemberList.java,359
jitwatch,org.adoptopenjdk.jitwatch.ui.main,ClassTree,9,0,16,13,192,48,0,0,0.0,1,4,C:\Users\patel\Desktop\Assignment 3\jitwatch\ui\src\main\java\org\adoptopenjdk\jitwatch\ui\main\ClassTree.java,29
jitwatch,org.adoptopenjdk.jitwatch.ui.main,CompilationTableBuilder,0,0,2,1,33,2,0,0,-1.0,1,1,C:\Users\patel\Desktop\Assignment 3\jitwatch\ui\src\main\java\org\adoptopenjdk\jitwatch\ui\main\CompilationTableBuilder.java,14
jitwatch,org.adoptopenjdk.jitwatch.ui.main,CompilationTableRow,1,0,10,9,0,20,0,0,0.2,1,4,C:\Users\patel\Desktop\Assignment 3\jitwatch\ui\src\main\java\org\adoptopenjdk\jitwatch\ui\main\CompilationTableRow.java,16
jitwatch,org.adoptopenjdk.jitwatch.ui.main,ICompilationChangeListener,0,0,1,0,3,1,0,0,-1.0,1,1,C:\Users\patel\Desktop\Assignment 3\jitwatch\ui\src\main\java\org\adoptopenjdk\jitwatch\ui\main\ICompilationChangeListener.java,5
jitwatch,org.adoptopenjdk.jitwatch.ui.main,IMemberSelectedListener,0,0,2,0,4,2,1,0,-1.0,5,1,C:\Users\patel\Desktop\Assignment 3\jitwatch\ui\src\main\java\org\adoptopenjdk\jitwatch\ui\main\IMemberSelectedListener.java,10
jitwatch,org.adoptopenjdk.jitwatch.ui.main,IPrevNextCompilationListener,0,0,2,0,4,2,0,0,-1.0,1,0,C:\Users\patel\Desktop\Assignment 3\jitwatch\ui\src\main\java\org\adoptopenjdk\jitwatch\ui\main\IPrevNextCompilationListener.java,3
jitwatch,org.adoptopenjdk.jitwatch.ui.main,IStageAccessProxy,0,0,8,0,10,8,1,0,-1.0,10,1,C:\Users\patel\Desktop\Assignment 3\jitwatch\ui\src\main\java\org\adoptopenjdk\jitwatch\ui\main\IStageAccessProxy.java,13
jitwatch,org.adoptopenjdk.jitwatch.ui.main,JITWatchUI,74,3,79,59,987,172,0,1,0.0379746835443038,17,38,C:\Users\patel\Desktop\Assignment 3\jitwatch\ui\src\main\java\org\adoptopenjdk\jitwatch\ui\main\JITWatchUI.java,103
jitwatch,org.adoptopenjdk.jitwatch.ui.main,MainConfigStage,4,0,6,5,122,25,0,0,0.0,1,7,C:\Users\patel\Desktop\Assignment 3\jitwatch\ui\src\main\java\org\adoptopenjdk\jitwatch\ui\main\MainConfigStage.java,43
jitwatch,org.adoptopenjdk.jitwatch.ui.main,NothingMountedStage,0,0,3,3,44,3,0,0,-1.0,1,4,C:\Users\patel\Desktop\Assignment 3\jitwatch\ui\src\main\java\org\adoptopenjdk\jitwatch\ui\main\NothingMountedStage.java,29
jitwatch,org.adoptopenjdk.jitwatch.ui.nmethod,AbstractNMethodStage,16,0,11,5,105,15,0,0,0.18181818181818182,0,6,C:\Users\patel\Desktop\Assignment 3\jitwatch\ui\src\main\java\org\adoptopenjdk\jitwatch\ui\nmethod\AbstractNMethodStage.java,30
jitwatch,org.adoptopenjdk.jitwatch.ui.nmethod,NMethodInfo,15,0,12,5,154,15,0,0,0.0,1,4,C:\Users\patel\Desktop\Assignment 3\jitwatch\ui\src\main\java\org\adoptopenjdk\jitwatch\ui\nmethod\NMethodInfo.java,29
jitwatch,org.adoptopenjdk.jitwatch.ui.nmethod.codecache,CodeCacheLayoutStage,20,0,18,11,291,46,0,0,0.16666666666666666,1,6,C:\Users\patel\Desktop\Assignment 3\jitwatch\ui\src\main\java\org\adoptopenjdk\jitwatch\ui\nmethod\codecache\CodeCacheLayoutStage.java,40
jitwatch,org.adoptopenjdk.jitwatch.ui.nmethod.compilerthread,CompilerThreadStage,17,0,28,8,472,77,0,0,0.10714285714285714,1,5,C:\Users\patel\Desktop\Assignment 3\jitwatch\ui\src\main\java\org\adoptopenjdk\jitwatch\ui\nmethod\compilerthread\CompilerThreadStage.java,46
jitwatch,org.adoptopenjdk.jitwatch.ui.nmethod.compilerthread,CompilerThreadStage.PlotMode,0,0,0,0,1,0,0,0,-1.0,0,0,C:\Users\patel\Desktop\Assignment 3\jitwatch\ui\src\main\java\org\adoptopenjdk\jitwatch\ui\nmethod\compilerthread\CompilerThreadStage.java,67
jitwatch,org.adoptopenjdk.jitwatch.ui.nmethod.compilerthread,CompilerThreadStage.QueueCounter,3,0,0,0,19,0,0,0,-1.0,0,1,C:\Users\patel\Desktop\Assignment 3\jitwatch\ui\src\main\java\org\adoptopenjdk\jitwatch\ui\nmethod\compilerthread\CompilerThreadStage.java,72
jitwatch,org.adoptopenjdk.jitwatch.ui.parserchooser,IParserSelectedListener,0,0,1,0,3,1,0,0,-1.0,1,1,C:\Users\patel\Desktop\Assignment 3\jitwatch\ui\src\main\java\org\adoptopenjdk\jitwatch\ui\parserchooser\IParserSelectedListener.java,5
jitwatch,org.adoptopenjdk.jitwatch.ui.parserchooser,ParserChooser,2,0,4,4,23,4,0,0,0.5,1,2,C:\Users\patel\Desktop\Assignment 3\jitwatch\ui\src\main\java\org\adoptopenjdk\jitwatch\ui\parserchooser\ParserChooser.java,16
jitwatch,org.adoptopenjdk.jitwatch.ui.report,AbstractReportRowBean,1,0,4,4,15,4,0,1,0.0,0,1,C:\Users\patel\Desktop\Assignment 3\jitwatch\ui\src\main\java\org\adoptopenjdk\jitwatch\ui\report\AbstractReportRowBean.java,10
jitwatch,org.adoptopenjdk.jitwatch.ui.report,IReportRowBean,0,0,0,0,2,0,1,0,-1.0,0,0,C:\Users\patel\Desktop\Assignment 3\jitwatch\ui\src\main\java\org\adoptopenjdk\jitwatch\ui\report\IReportRowBean.java,8
jitwatch,org.adoptopenjdk.jitwatch.ui.report,ReportPackageFilter,1,0,2,2,21,4,0,0,1.0,1,1,C:\Users\patel\Desktop\Assignment 3\jitwatch\ui\src\main\java\org\adoptopenjdk\jitwatch\ui\report\ReportPackageFilter.java,15
jitwatch,org.adoptopenjdk.jitwatch.ui.report,ReportStage,6,0,5,4,94,19,0,0,0.0,2,12,C:\Users\patel\Desktop\Assignment 3\jitwatch\ui\src\main\java\org\adoptopenjdk\jitwatch\ui\report\ReportStage.java,39
jitwatch,org.adoptopenjdk.jitwatch.ui.report,ReportStageType,0,0,0,0,1,0,0,0,-1.0,2,0,C:\Users\patel\Desktop\Assignment 3\jitwatch\ui\src\main\java\org\adoptopenjdk\jitwatch\ui\report\ReportStageType.java,8
jitwatch,org.adoptopenjdk.jitwatch.ui.report.cell,IntegerTableCell,1,0,2,1,13,3,0,0,0.0,0,0,C:\Users\patel\Desktop\Assignment 3\jitwatch\ui\src\main\java\org\adoptopenjdk\jitwatch\ui\report\cell\IntegerTableCell.java,14
jitwatch,org.adoptopenjdk.jitwatch.ui.report.cell,LinkedBCICell,2,0,4,3,30,7,0,0,0.0,1,3,C:\Users\patel\Desktop\Assignment 3\jitwatch\ui\src\main\java\org\adoptopenjdk\jitwatch\ui\report\cell\LinkedBCICell.java,18
jitwatch,org.adoptopenjdk.jitwatch.ui.report.cell,MemberTableCell,6,0,4,3,48,7,0,0,0.0,1,4,C:\Users\patel\Desktop\Assignment 3\jitwatch\ui\src\main\java\org\adoptopenjdk\jitwatch\ui\report\cell\MemberTableCell.java,22
jitwatch,org.adoptopenjdk.jitwatch.ui.report.cell,TextTableCell,1,0,2,1,13,3,0,0,0.0,0,0,C:\Users\patel\Desktop\Assignment 3\jitwatch\ui\src\main\java\org\adoptopenjdk\jitwatch\ui\report\cell\TextTableCell.java,14
jitwatch,org.adoptopenjdk.jitwatch.ui.report.cell,TextWrapTableCell,1,0,2,1,20,3,0,0,0.0,0,0,C:\Users\patel\Desktop\Assignment 3\jitwatch\ui\src\main\java\org\adoptopenjdk\jitwatch\ui\report\cell\TextWrapTableCell.java,15
jitwatch,org.adoptopenjdk.jitwatch.ui.report.eliminatedallocation,EliminatedAllocationRowBean,0,0,6,6,32,8,0,0,-1.0,0,3,C:\Users\patel\Desktop\Assignment 3\jitwatch\ui\src\main\java\org\adoptopenjdk\jitwatch\ui\report\eliminatedallocation\EliminatedAllocationRowBean.java,16
jitwatch,org.adoptopenjdk.jitwatch.ui.report.eliminatedallocation,EliminatedAllocationRowBuilder,0,0,8,7,69,8,0,0,-1.0,1,0,C:\Users\patel\Desktop\Assignment 3\jitwatch\ui\src\main\java\org\adoptopenjdk\jitwatch\ui\report\eliminatedallocation\EliminatedAllocationRowBuilder.java,20
jitwatch,org.adoptopenjdk.jitwatch.ui.report.inlining,InliningRowBean,0,0,6,6,29,8,0,0,-1.0,0,3,C:\Users\patel\Desktop\Assignment 3\jitwatch\ui\src\main\java\org\adoptopenjdk\jitwatch\ui\report\inlining\InliningRowBean.java,15
jitwatch,org.adoptopenjdk.jitwatch.ui.report.inlining,InliningRowBuilder,0,0,8,7,69,8,0,0,-1.0,1,0,C:\Users\patel\Desktop\Assignment 3\jitwatch\ui\src\main\java\org\adoptopenjdk\jitwatch\ui\report\inlining\InliningRowBuilder.java,20
jitwatch,org.adoptopenjdk.jitwatch.ui.report.locks,OptimisedLockRowBean,0,0,7,6,0,10,0,0,-1.0,0,3,C:\Users\patel\Desktop\Assignment 3\jitwatch\ui\src\main\java\org\adoptopenjdk\jitwatch\ui\report\locks\OptimisedLockRowBean.java,15
jitwatch,org.adoptopenjdk.jitwatch.ui.report.locks,OptimisedLockRowBuilder,0,0,8,7,69,8,0,0,-1.0,1,0,C:\Users\patel\Desktop\Assignment 3\jitwatch\ui\src\main\java\org\adoptopenjdk\jitwatch\ui\report\locks\OptimisedLockRowBuilder.java,20
jitwatch,org.adoptopenjdk.jitwatch.ui.report.suggestion,SuggestionRowBean,0,0,3,3,0,8,0,0,-1.0,0,1,C:\Users\patel\Desktop\Assignment 3\jitwatch\ui\src\main\java\org\adoptopenjdk\jitwatch\ui\report\suggestion\SuggestionRowBean.java,11
jitwatch,org.adoptopenjdk.jitwatch.ui.report.suggestion,SuggestionRowBuilder,0,0,6,5,49,6,0,0,-1.0,1,0,C:\Users\patel\Desktop\Assignment 3\jitwatch\ui\src\main\java\org\adoptopenjdk\jitwatch\ui\report\suggestion\SuggestionRowBuilder.java,22
jitwatch,org.adoptopenjdk.jitwatch.ui.resize,IRedrawable,0,0,1,0,3,1,0,0,-1.0,1,0,C:\Users\patel\Desktop\Assignment 3\jitwatch\ui\src\main\java\org\adoptopenjdk\jitwatch\ui\resize\IRedrawable.java,8
jitwatch,org.adoptopenjdk.jitwatch.ui.resize,RateLimitedResizeListener,5,0,4,4,48,10,0,0,0.0,3,1,C:\Users\patel\Desktop\Assignment 3\jitwatch\ui\src\main\java\org\adoptopenjdk\jitwatch\ui\resize\RateLimitedResizeListener.java,12
jitwatch,org.adoptopenjdk.jitwatch.ui.sandbox,EditorPane,10,0,19,13,184,36,0,0,0.0,2,5,C:\Users\patel\Desktop\Assignment 3\jitwatch\ui\src\main\java\org\adoptopenjdk\jitwatch\ui\sandbox\EditorPane.java,37
jitwatch,org.adoptopenjdk.jitwatch.ui.sandbox,ISandboxStage,0,0,8,0,10,8,1,0,-1.0,2,2,C:\Users\patel\Desktop\Assignment 3\jitwatch\ui\src\main\java\org\adoptopenjdk\jitwatch\ui\sandbox\ISandboxStage.java,15
jitwatch,org.adoptopenjdk.jitwatch.ui.sandbox,SandboxConfigStage,14,0,33,9,453,81,0,0,0.0,1,6,C:\Users\patel\Desktop\Assignment 3\jitwatch\ui\src\main\java\org\adoptopenjdk\jitwatch\ui\sandbox\SandboxConfigStage.java,40
jitwatch,org.adoptopenjdk.jitwatch.ui.sandbox,SandboxStage,11,0,43,32,453,97,0,1,0.046511627906976744,1,17,C:\Users\patel\Desktop\Assignment 3\jitwatch\ui\src\main\java\org\adoptopenjdk\jitwatch\ui\sandbox\SandboxStage.java,78
jitwatch,org.adoptopenjdk.jitwatch.ui.sandbox,VMLanguageConfigStage,4,0,9,4,97,16,0,0,0.0,1,3,C:\Users\patel\Desktop\Assignment 3\jitwatch\ui\src\main\java\org\adoptopenjdk\jitwatch\ui\sandbox\VMLanguageConfigStage.java,28
jitwatch,org.adoptopenjdk.jitwatch.ui.sandbox,VMLanguageList,3,0,4,3,40,8,0,0,0.0,1,4,C:\Users\patel\Desktop\Assignment 3\jitwatch\ui\src\main\java\org\adoptopenjdk\jitwatch\ui\sandbox\VMLanguageList.java,23
jitwatch,org.adoptopenjdk.jitwatch.ui.stage,IStageClosedListener,0,0,1,0,3,1,0,0,-1.0,5,0,C:\Users\patel\Desktop\Assignment 3\jitwatch\ui\src\main\java\org\adoptopenjdk\jitwatch\ui\stage\IStageClosedListener.java,10
jitwatch,org.adoptopenjdk.jitwatch.ui.stage,StageManager,3,0,15,12,133,31,0,0,0.13333333333333333,5,4,C:\Users\patel\Desktop\Assignment 3\jitwatch\ui\src\main\java\org\adoptopenjdk\jitwatch\ui\stage\StageManager.java,32
jitwatch,org.adoptopenjdk.jitwatch.ui.stats,StatsStage,3,0,3,2,42,3,0,0,0.0,1,5,C:\Users\patel\Desktop\Assignment 3\jitwatch\ui\src\main\java\org\adoptopenjdk\jitwatch\ui\stats\StatsStage.java,20
jitwatch,org.adoptopenjdk.jitwatch.ui.stats,StatsTableBuilder,0,0,2,1,17,2,0,0,-1.0,1,0,C:\Users\patel\Desktop\Assignment 3\jitwatch\ui\src\main\java\org\adoptopenjdk\jitwatch\ui\stats\StatsTableBuilder.java,13
jitwatch,org.adoptopenjdk.jitwatch.ui.stats,StatsTableRow,3,0,3,3,15,3,0,0,0.0,1,0,C:\Users\patel\Desktop\Assignment 3\jitwatch\ui\src\main\java\org\adoptopenjdk\jitwatch\ui\stats\StatsTableRow.java,10
jitwatch,org.adoptopenjdk.jitwatch.ui.toplist,TopListStage,4,0,9,6,110,16,0,0,0.2222222222222222,1,6,C:\Users\patel\Desktop\Assignment 3\jitwatch\ui\src\main\java\org\adoptopenjdk\jitwatch\ui\toplist\TopListStage.java,48
jitwatch,org.adoptopenjdk.jitwatch.ui.toplist,TopListWrapper,3,0,4,4,19,4,0,0,0.0,1,1,C:\Users\patel\Desktop\Assignment 3\jitwatch\ui\src\main\java\org\adoptopenjdk\jitwatch\ui\toplist\TopListWrapper.java,12
jitwatch,org.adoptopenjdk.jitwatch.ui.triview.assembly,AssemblyLabel,1,0,2,2,10,2,0,0,0.0,1,1,C:\Users\patel\Desktop\Assignment 3\jitwatch\ui\src\main\java\org\adoptopenjdk\jitwatch\ui\triview\assembly\AssemblyLabel.java,11
jitwatch,org.adoptopenjdk.jitwatch.ui.triview.assembly,ViewerAssembly,2,0,13,7,230,54,0,0,0.15384615384615385,1,10,C:\Users\patel\Desktop\Assignment 3\jitwatch\ui\src\main\java\org\adoptopenjdk\jitwatch\ui\triview\assembly\ViewerAssembly.java,46
jitwatch,org.adoptopenjdk.jitwatch.ui.triview.bytecode,BytecodeLabel,1,0,2,2,10,2,0,0,0.0,2,1,C:\Users\patel\Desktop\Assignment 3\jitwatch\ui\src\main\java\org\adoptopenjdk\jitwatch\ui\triview\bytecode\BytecodeLabel.java,11
jitwatch,org.adoptopenjdk.jitwatch.ui.triview.bytecode,ViewerBytecode,9,0,17,10,276,60,0,0,0.17647058823529413,1,20,C:\Users\patel\Desktop\Assignment 3\jitwatch\ui\src\main\java\org\adoptopenjdk\jitwatch\ui\triview\bytecode\ViewerBytecode.java,47
jitwatch,org.adoptopenjdk.jitwatch.ui.triview,ClassSearch,6,0,10,6,103,28,0,0,0.0,1,4,C:\Users\patel\Desktop\Assignment 3\jitwatch\ui\src\main\java\org\adoptopenjdk\jitwatch\ui\triview\ClassSearch.java,27
jitwatch,org.adoptopenjdk.jitwatch.ui.triview,CompilationInfo,8,0,5,4,95,10,0,0,0.0,1,2,C:\Users\patel\Desktop\Assignment 3\jitwatch\ui\src\main\java\org\adoptopenjdk\jitwatch\ui\triview\CompilationInfo.java,22
jitwatch,org.adoptopenjdk.jitwatch.ui.triview,ILineListener,0,0,5,0,8,5,2,0,-1.0,4,0,C:\Users\patel\Desktop\Assignment 3\jitwatch\ui\src\main\java\org\adoptopenjdk\jitwatch\ui\triview\ILineListener.java,8
jitwatch,org.adoptopenjdk.jitwatch.ui.triview,ILineListener.LineType,0,0,0,0,1,0,0,0,-1.0,0,0,C:\Users\patel\Desktop\Assignment 3\jitwatch\ui\src\main\java\org\adoptopenjdk\jitwatch\ui\triview\ILineListener.java,10
jitwatch,org.adoptopenjdk.jitwatch.ui.triview,InstructionLabel,1,0,3,3,13,3,0,0,0.6666666666666666,1,1,C:\Users\patel\Desktop\Assignment 3\jitwatch\ui\src\main\java\org\adoptopenjdk\jitwatch\ui\triview\InstructionLabel.java,10
jitwatch,org.adoptopenjdk.jitwatch.ui.triview,NoOpLineListener,0,0,5,5,12,5,0,1,-1.0,1,0,C:\Users\patel\Desktop\Assignment 3\jitwatch\ui\src\main\java\org\adoptopenjdk\jitwatch\ui\triview\NoOpLineListener.java,8
jitwatch,org.adoptopenjdk.jitwatch.ui.triview,TriView,33,0,55,28,0,173,0,1,0.12727272727272726,4,28,C:\Users\patel\Desktop\Assignment 3\jitwatch\ui\src\main\java\org\adoptopenjdk\jitwatch\ui\triview\TriView.java,76
jitwatch,org.adoptopenjdk.jitwatch.ui.triview,TriViewNavigationStack,3,0,5,5,44,15,0,0,0.0,2,2,C:\Users\patel\Desktop\Assignment 3\jitwatch\ui\src\main\java\org\adoptopenjdk\jitwatch\ui\triview\TriViewNavigationStack.java,18
jitwatch,org.adoptopenjdk.jitwatch.ui.triview,TriViewPane,5,0,8,7,55,12,0,0,0.0,1,3,C:\Users\patel\Desktop\Assignment 3\jitwatch\ui\src\main\java\org\adoptopenjdk\jitwatch\ui\triview\TriViewPane.java,15
jitwatch,org.adoptopenjdk.jitwatch.ui.triview,Viewer,24,9,42,27,0,92,0,0,0.0,4,6,C:\Users\patel\Desktop\Assignment 3\jitwatch\ui\src\main\java\org\adoptopenjdk\jitwatch\ui\triview\Viewer.java,53
jitwatch,org.adoptopenjdk.jitwatch.ui.triview.source,ViewerSource,0,0,2,2,28,5,0,0,-1.0,1,4,C:\Users\patel\Desktop\Assignment 3\jitwatch\ui\src\main\java\org\adoptopenjdk\jitwatch\ui\triview\source\ViewerSource.java,26
jitwatch,org.adoptopenjdk.jitwatch.ui.viewer,AbstractTextViewerStage,1,0,2,1,19,2,2,0,0.0,0,3,C:\Users\patel\Desktop\Assignment 3\jitwatch\ui\src\main\java\org\adoptopenjdk\jitwatch\ui\viewer\AbstractTextViewerStage.java,19
jitwatch,org.adoptopenjdk.jitwatch.ui.viewer,JournalViewerStage,0,0,1,1,33,6,0,1,-1.0,1,3,C:\Users\patel\Desktop\Assignment 3\jitwatch\ui\src\main\java\org\adoptopenjdk\jitwatch\ui\viewer\JournalViewerStage.java,26
jitwatch,org.adoptopenjdk.jitwatch.ui.viewer,TextViewerStage,0,0,1,1,27,5,0,1,-1.0,1,2,C:\Users\patel\Desktop\Assignment 3\jitwatch\ui\src\main\java\org\adoptopenjdk\jitwatch\ui\viewer\TextViewerStage.java,17
